page,tag,element,label,expected,result,target
audit,a,,Обзор ,Переход /qa-panel/,Страница/JS загружается; действие с боевыми данными требует проверки на сервере,/qa-panel/
audit,a,,Пользователи ,Переход /qa-panel/users,Страница/JS загружается; действие с боевыми данными требует проверки на сервере,/qa-panel/users
audit,a,,Ссылки подписок ,Переход /qa-panel/subscription-tools,Страница/JS загружается; действие с боевыми данными требует проверки на сервере,/qa-panel/subscription-tools
audit,a,,Сообщения ,Переход /qa-panel/messages,Страница/JS загружается; действие с боевыми данными требует проверки на сервере,/qa-panel/messages
audit,a,,3x-ui ,Переход https://panel.example.com,Страница/JS загружается; действие с боевыми данными требует проверки на сервере,https://panel.example.com
audit,a,,Рассылка ,Переход /qa-panel/broadcast,Страница/JS загружается; действие с боевыми данными требует проверки на сервере,/qa-panel/broadcast
audit,a,,Оплаты ,Переход /qa-panel/payments,Страница/JS загружается; действие с боевыми данными требует проверки на сервере,/qa-panel/payments
audit,a,,Мониторинг ,Переход /qa-panel/monitoring,Страница/JS загружается; действие с боевыми данными требует проверки на сервере,/qa-panel/monitoring
audit,a,,Бэкапы ,Переход /qa-panel/backups,Страница/JS загружается; действие с боевыми данными требует проверки на сервере,/qa-panel/backups
audit,a,,Обновления ,Переход /qa-panel/updates,Страница/JS загружается; действие с боевыми данными требует проверки на сервере,/qa-panel/updates
audit,a,,Журналы ,Переход /qa-panel/logs,Страница/JS загружается; действие с боевыми данными требует проверки на сервере,/qa-panel/logs
audit,a,,Аудит ,Переход /qa-panel/audit,Страница/JS загружается; действие с боевыми данными требует проверки на сервере,/qa-panel/audit
audit,a,,Напоминания ,Переход /qa-panel/reminders,Страница/JS загружается; действие с боевыми данными требует проверки на сервере,/qa-panel/reminders
audit,a,,Настройки ,Переход /qa-panel/settings,Страница/JS загружается; действие с боевыми данными требует проверки на сервере,/qa-panel/settings
audit,a,,Диагностика ,Переход /qa-panel/diagnostics,Страница/JS загружается; действие с боевыми данными требует проверки на сервере,/qa-panel/diagnostics
audit,a,,⇥ Выйти ,Переход /qa-panel/logout,Страница/JS загружается; действие с боевыми данными требует проверки на сервере,/qa-panel/logout
audit,button,mobile-nav-toggle,,JS-действие или изменение параметра; сверить с обработчиком,Страница/JS загружается; действие с боевыми данными требует проверки на сервере,
audit,a,,,Переход /qa-panel/messages,Страница/JS загружается; действие с боевыми данными требует проверки на сервере,/qa-panel/messages
audit,a,,Сбросить фильтры ,Переход /audit,Страница/JS загружается; действие с боевыми данными требует проверки на сервере,/audit
audit,select,action,Все действия ,JS-действие или изменение параметра; сверить с обработчиком,Страница/JS загружается; действие с боевыми данными требует проверки на сервере,
audit,button,,Фильтровать ,JS-действие или изменение параметра; сверить с обработчиком,Страница/JS загружается; действие с боевыми данными требует проверки на сервере,
backups,a,,Обзор ,Переход /qa-panel/,Страница/JS загружается; действие с боевыми данными требует проверки на сервере,/qa-panel/
backups,a,,Пользователи ,Переход /qa-panel/users,Страница/JS загружается; действие с боевыми данными требует проверки на сервере,/qa-panel/users
backups,a,,Ссылки подписок ,Переход /qa-panel/subscription-tools,Страница/JS загружается; действие с боевыми данными требует проверки на сервере,/qa-panel/subscription-tools
backups,a,,Сообщения ,Переход /qa-panel/messages,Страница/JS загружается; действие с боевыми данными требует проверки на сервере,/qa-panel/messages
backups,a,,3x-ui ,Переход https://panel.example.com,Страница/JS загружается; действие с боевыми данными требует проверки на сервере,https://panel.example.com
backups,a,,Рассылка ,Переход /qa-panel/broadcast,Страница/JS загружается; действие с боевыми данными требует проверки на сервере,/qa-panel/broadcast
backups,a,,Оплаты ,Переход /qa-panel/payments,Страница/JS загружается; действие с боевыми данными требует проверки на сервере,/qa-panel/payments
backups,a,,Мониторинг ,Переход /qa-panel/monitoring,Страница/JS загружается; действие с боевыми данными требует проверки на сервере,/qa-panel/monitoring
backups,a,,Бэкапы ,Переход /qa-panel/backups,Страница/JS загружается; действие с боевыми данными требует проверки на сервере,/qa-panel/backups
backups,a,,Обновления ,Переход /qa-panel/updates,Страница/JS загружается; действие с боевыми данными требует проверки на сервере,/qa-panel/updates
backups,a,,Журналы ,Переход /qa-panel/logs,Страница/JS загружается; действие с боевыми данными требует проверки на сервере,/qa-panel/logs
backups,a,,Аудит ,Переход /qa-panel/audit,Страница/JS загружается; действие с боевыми данными требует проверки на сервере,/qa-panel/audit
backups,a,,Напоминания ,Переход /qa-panel/reminders,Страница/JS загружается; действие с боевыми данными требует проверки на сервере,/qa-panel/reminders
backups,a,,Настройки ,Переход /qa-panel/settings,Страница/JS загружается; действие с боевыми данными требует проверки на сервере,/qa-panel/settings
backups,a,,Диагностика ,Переход /qa-panel/diagnostics,Страница/JS загружается; действие с боевыми данными требует проверки на сервере,/qa-panel/diagnostics
backups,a,,⇥ Выйти ,Переход /qa-panel/logout,Страница/JS загружается; действие с боевыми данными требует проверки на сервере,/qa-panel/logout
backups,button,mobile-nav-toggle,,JS-действие или изменение параметра; сверить с обработчиком,Страница/JS загружается; действие с боевыми данными требует проверки на сервере,
backups,a,,,Переход /qa-panel/messages,Страница/JS загружается; действие с боевыми данными требует проверки на сервере,/qa-panel/messages
backups,button,,＋ Создать и отправить сейчас ,Отправка/сохранение /backups/create,Страница/JS загружается; действие с боевыми данными требует проверки на сервере,/backups/create
backups,select,archive,,JS-действие или изменение параметра; сверить с обработчиком,Страница/JS загружается; действие с боевыми данными требует проверки на сервере,/backups/restore
backups,input,mode,"Только пользователи и подписки — users, payments, referral_rewards. Остальные журналы, безопасность, Push и служебное состояние не заменяются. ",JS-действие или изменение параметра; сверить с обработчиком,Страница/JS загружается; действие с боевыми данными требует проверки на сервере,/backups/restore
backups,input,mode,"Полностью — FargoVPN PostgreSQL, 3x-ui DB, конфигурация, Xray, VAPID, FargoVPN/3x-ui systemd. ",JS-действие или изменение параметра; сверить с обработчиком,Страница/JS загружается; действие с боевыми данными требует проверки на сервере,/backups/restore
backups,button,,Восстановить выбранный архив ,Отправка/сохранение /backups/restore,Страница/JS загружается; действие с боевыми данными требует проверки на сервере,/backups/restore
broadcast,a,,Обзор ,Переход /qa-panel/,Страница/JS загружается; действие с боевыми данными требует проверки на сервере,/qa-panel/
broadcast,a,,Пользователи ,Переход /qa-panel/users,Страница/JS загружается; действие с боевыми данными требует проверки на сервере,/qa-panel/users
broadcast,a,,Ссылки подписок ,Переход /qa-panel/subscription-tools,Страница/JS загружается; действие с боевыми данными требует проверки на сервере,/qa-panel/subscription-tools
broadcast,a,,Сообщения ,Переход /qa-panel/messages,Страница/JS загружается; действие с боевыми данными требует проверки на сервере,/qa-panel/messages
broadcast,a,,3x-ui ,Переход https://panel.example.com,Страница/JS загружается; действие с боевыми данными требует проверки на сервере,https://panel.example.com
broadcast,a,,Рассылка ,Переход /qa-panel/broadcast,Страница/JS загружается; действие с боевыми данными требует проверки на сервере,/qa-panel/broadcast
broadcast,a,,Оплаты ,Переход /qa-panel/payments,Страница/JS загружается; действие с боевыми данными требует проверки на сервере,/qa-panel/payments
broadcast,a,,Мониторинг ,Переход /qa-panel/monitoring,Страница/JS загружается; действие с боевыми данными требует проверки на сервере,/qa-panel/monitoring
broadcast,a,,Бэкапы ,Переход /qa-panel/backups,Страница/JS загружается; действие с боевыми данными требует проверки на сервере,/qa-panel/backups
broadcast,a,,Обновления ,Переход /qa-panel/updates,Страница/JS загружается; действие с боевыми данными требует проверки на сервере,/qa-panel/updates
broadcast,a,,Журналы ,Переход /qa-panel/logs,Страница/JS загружается; действие с боевыми данными требует проверки на сервере,/qa-panel/logs
broadcast,a,,Аудит ,Переход /qa-panel/audit,Страница/JS загружается; действие с боевыми данными требует проверки на сервере,/qa-panel/audit
broadcast,a,,Напоминания ,Переход /qa-panel/reminders,Страница/JS загружается; действие с боевыми данными требует проверки на сервере,/qa-panel/reminders
broadcast,a,,Настройки ,Переход /qa-panel/settings,Страница/JS загружается; действие с боевыми данными требует проверки на сервере,/qa-panel/settings
broadcast,a,,Диагностика ,Переход /qa-panel/diagnostics,Страница/JS загружается; действие с боевыми данными требует проверки на сервере,/qa-panel/diagnostics
broadcast,a,,⇥ Выйти ,Переход /qa-panel/logout,Страница/JS загружается; действие с боевыми данными требует проверки на сервере,/qa-panel/logout
broadcast,button,mobile-nav-toggle,,JS-действие или изменение параметра; сверить с обработчиком,Страница/JS загружается; действие с боевыми данными требует проверки на сервере,
broadcast,a,,,Переход /qa-panel/messages,Страница/JS загружается; действие с боевыми данными требует проверки на сервере,/qa-panel/messages
broadcast,a,,К пользователям ,Переход /users,Страница/JS загружается; действие с боевыми данными требует проверки на сервере,/users
broadcast,input,confirm,Подтверждаю отправку всем пользователям с положительным Telegram ID  ,JS-действие или изменение параметра; сверить с обработчиком,Страница/JS загружается; действие с боевыми данными требует проверки на сервере,/broadcast/start
broadcast,button,broadcast-start,Запустить рассылку ,Отправка/сохранение /broadcast/start,Страница/JS загружается; действие с боевыми данными требует проверки на сервере,/broadcast/start
broadcast,a,,Открыть журнал рассылки ,Переход /api/broadcast/log,Страница/JS загружается; действие с боевыми данными требует проверки на сервере,/api/broadcast/log
dashboard,a,,Обзор ,Переход /qa-panel/,Страница/JS загружается; действие с боевыми данными требует проверки на сервере,/qa-panel/
dashboard,a,,Пользователи ,Переход /qa-panel/users,Страница/JS загружается; действие с боевыми данными требует проверки на сервере,/qa-panel/users
dashboard,a,,Ссылки подписок ,Переход /qa-panel/subscription-tools,Страница/JS загружается; действие с боевыми данными требует проверки на сервере,/qa-panel/subscription-tools
dashboard,a,,Сообщения ,Переход /qa-panel/messages,Страница/JS загружается; действие с боевыми данными требует проверки на сервере,/qa-panel/messages
dashboard,a,,3x-ui ,Переход https://panel.example.com,Страница/JS загружается; действие с боевыми данными требует проверки на сервере,https://panel.example.com
dashboard,a,,Рассылка ,Переход /qa-panel/broadcast,Страница/JS загружается; действие с боевыми данными требует проверки на сервере,/qa-panel/broadcast
dashboard,a,,Оплаты ,Переход /qa-panel/payments,Страница/JS загружается; действие с боевыми данными требует проверки на сервере,/qa-panel/payments
dashboard,a,,Мониторинг ,Переход /qa-panel/monitoring,Страница/JS загружается; действие с боевыми данными требует проверки на сервере,/qa-panel/monitoring
dashboard,a,,Бэкапы ,Переход /qa-panel/backups,Страница/JS загружается; действие с боевыми данными требует проверки на сервере,/qa-panel/backups
dashboard,a,,Обновления ,Переход /qa-panel/updates,Страница/JS загружается; действие с боевыми данными требует проверки на сервере,/qa-panel/updates
dashboard,a,,Журналы ,Переход /qa-panel/logs,Страница/JS загружается; действие с боевыми данными требует проверки на сервере,/qa-panel/logs
dashboard,a,,Аудит ,Переход /qa-panel/audit,Страница/JS загружается; действие с боевыми данными требует проверки на сервере,/qa-panel/audit
dashboard,a,,Напоминания ,Переход /qa-panel/reminders,Страница/JS загружается; действие с боевыми данными требует проверки на сервере,/qa-panel/reminders
dashboard,a,,Настройки ,Переход /qa-panel/settings,Страница/JS загружается; действие с боевыми данными требует проверки на сервере,/qa-panel/settings
dashboard,a,,Диагностика ,Переход /qa-panel/diagnostics,Страница/JS загружается; действие с боевыми данными требует проверки на сервере,/qa-panel/diagnostics
dashboard,a,,⇥ Выйти ,Переход /qa-panel/logout,Страница/JS загружается; действие с боевыми данными требует проверки на сервере,/qa-panel/logout
dashboard,button,mobile-nav-toggle,,JS-действие или изменение параметра; сверить с обработчиком,Страница/JS загружается; действие с боевыми данными требует проверки на сервере,
dashboard,a,,,Переход /qa-panel/messages,Страница/JS загружается; действие с боевыми данными требует проверки на сервере,/qa-panel/messages
dashboard,a,,◐ ,Переход /settings,Страница/JS загружается; действие с боевыми данными требует проверки на сервере,/settings
dashboard,a,,♧ ,Переход /messages,Страница/JS загружается; действие с боевыми данными требует проверки на сервере,/messages
dashboard,a,,↪ ,Переход /logout,Страница/JS загружается; действие с боевыми данными требует проверки на сервере,/logout
dashboard,a,,Подробный мониторинг → ,Переход /monitoring,Страница/JS загружается; действие с боевыми данными требует проверки на сервере,/monitoring
dashboard,a,,＋ Добавить пользователя Создать нового пользователя ,Переход /users/new,Страница/JS загружается; действие с боевыми данными требует проверки на сервере,/users/new
dashboard,a,,✉ Отправить сообщение Написать пользователю ,Переход /messages,Страница/JS загружается; действие с боевыми данными требует проверки на сервере,/messages
dashboard,a,,➤ Создать рассылку Отправить сообщение всем ,Переход /broadcast,Страница/JS загружается; действие с боевыми данными требует проверки на сервере,/broadcast
dashboard,a,,□ Резервная копия Создать бэкап данных ,Переход /backups,Страница/JS загружается; действие с боевыми данными требует проверки на сервере,/backups
dashboard,a,,↥ Проверить обновления Поиск новой версии ,Переход /updates,Страница/JS загружается; действие с боевыми данными требует проверки на сервере,/updates
dashboard,a,,◇ Открыть 3x-ui Панель сервера ,Переход https://panel.example.com,Страница/JS загружается; действие с боевыми данными требует проверки на сервере,https://panel.example.com
dashboard,a,,Все сообщения → ,Переход /messages,Страница/JS загружается; действие с боевыми данными требует проверки на сервере,/messages
dashboard,a,,Вся активность → ,Переход /audit,Страница/JS загружается; действие с боевыми данными требует проверки на сервере,/audit
diagnostics,a,,Обзор ,Переход /qa-panel/,Страница/JS загружается; действие с боевыми данными требует проверки на сервере,/qa-panel/
diagnostics,a,,Пользователи ,Переход /qa-panel/users,Страница/JS загружается; действие с боевыми данными требует проверки на сервере,/qa-panel/users
diagnostics,a,,Ссылки подписок ,Переход /qa-panel/subscription-tools,Страница/JS загружается; действие с боевыми данными требует проверки на сервере,/qa-panel/subscription-tools
diagnostics,a,,Сообщения ,Переход /qa-panel/messages,Страница/JS загружается; действие с боевыми данными требует проверки на сервере,/qa-panel/messages
diagnostics,a,,3x-ui ,Переход https://panel.example.com,Страница/JS загружается; действие с боевыми данными требует проверки на сервере,https://panel.example.com
diagnostics,a,,Рассылка ,Переход /qa-panel/broadcast,Страница/JS загружается; действие с боевыми данными требует проверки на сервере,/qa-panel/broadcast
diagnostics,a,,Оплаты ,Переход /qa-panel/payments,Страница/JS загружается; действие с боевыми данными требует проверки на сервере,/qa-panel/payments
diagnostics,a,,Мониторинг ,Переход /qa-panel/monitoring,Страница/JS загружается; действие с боевыми данными требует проверки на сервере,/qa-panel/monitoring
diagnostics,a,,Бэкапы ,Переход /qa-panel/backups,Страница/JS загружается; действие с боевыми данными требует проверки на сервере,/qa-panel/backups
diagnostics,a,,Обновления ,Переход /qa-panel/updates,Страница/JS загружается; действие с боевыми данными требует проверки на сервере,/qa-panel/updates
diagnostics,a,,Журналы ,Переход /qa-panel/logs,Страница/JS загружается; действие с боевыми данными требует проверки на сервере,/qa-panel/logs
diagnostics,a,,Аудит ,Переход /qa-panel/audit,Страница/JS загружается; действие с боевыми данными требует проверки на сервере,/qa-panel/audit
diagnostics,a,,Напоминания ,Переход /qa-panel/reminders,Страница/JS загружается; действие с боевыми данными требует проверки на сервере,/qa-panel/reminders
diagnostics,a,,Настройки ,Переход /qa-panel/settings,Страница/JS загружается; действие с боевыми данными требует проверки на сервере,/qa-panel/settings
diagnostics,a,,Диагностика ,Переход /qa-panel/diagnostics,Страница/JS загружается; действие с боевыми данными требует проверки на сервере,/qa-panel/diagnostics
diagnostics,a,,⇥ Выйти ,Переход /qa-panel/logout,Страница/JS загружается; действие с боевыми данными требует проверки на сервере,/qa-panel/logout
diagnostics,button,mobile-nav-toggle,,JS-действие или изменение параметра; сверить с обработчиком,Страница/JS загружается; действие с боевыми данными требует проверки на сервере,
diagnostics,a,,,Переход /qa-panel/messages,Страница/JS загружается; действие с боевыми данными требует проверки на сервере,/qa-panel/messages
diagnostics,a,,Скачать JSON-отчёт ,Переход /api/diagnostics?download=1,Страница/JS загружается; действие с боевыми данными требует проверки на сервере,/api/diagnostics?download=1
diagnostics,button,,Удалить дубли запусков ,Отправка/сохранение /diagnostics/fix-duplicates,Страница/JS загружается; действие с боевыми данными требует проверки на сервере,/diagnostics/fix-duplicates
diagnostics,button,,🔧 Найти и исправить проблемы ,Отправка/сохранение /diagnostics/auto-fix,Страница/JS загружается; действие с боевыми данными требует проверки на сервере,/diagnostics/auto-fix
diagnostics,button,,Перезапустить всё ,Отправка/сохранение /service/all/restart,Страница/JS загружается; действие с боевыми данными требует проверки на сервере,/service/all/restart
diagnostics,a,,Восстановить из старой БД ,Переход /users/import-identities,Страница/JS загружается; действие с боевыми данными требует проверки на сервере,/users/import-identities
diagnostics,a,,Проверить вручную ,Переход /users,Страница/JS загружается; действие с боевыми данными требует проверки на сервере,/users
diagnostics,a,,Проверить /health ,Переход /health,Страница/JS загружается; действие с боевыми данными требует проверки на сервере,/health
logs,a,,Обзор ,Переход /qa-panel/,Страница/JS загружается; действие с боевыми данными требует проверки на сервере,/qa-panel/
logs,a,,Пользователи ,Переход /qa-panel/users,Страница/JS загружается; действие с боевыми данными требует проверки на сервере,/qa-panel/users
logs,a,,Ссылки подписок ,Переход /qa-panel/subscription-tools,Страница/JS загружается; действие с боевыми данными требует проверки на сервере,/qa-panel/subscription-tools
logs,a,,Сообщения ,Переход /qa-panel/messages,Страница/JS загружается; действие с боевыми данными требует проверки на сервере,/qa-panel/messages
logs,a,,3x-ui ,Переход https://panel.example.com,Страница/JS загружается; действие с боевыми данными требует проверки на сервере,https://panel.example.com
logs,a,,Рассылка ,Переход /qa-panel/broadcast,Страница/JS загружается; действие с боевыми данными требует проверки на сервере,/qa-panel/broadcast
logs,a,,Оплаты ,Переход /qa-panel/payments,Страница/JS загружается; действие с боевыми данными требует проверки на сервере,/qa-panel/payments
logs,a,,Мониторинг ,Переход /qa-panel/monitoring,Страница/JS загружается; действие с боевыми данными требует проверки на сервере,/qa-panel/monitoring
logs,a,,Бэкапы ,Переход /qa-panel/backups,Страница/JS загружается; действие с боевыми данными требует проверки на сервере,/qa-panel/backups
logs,a,,Обновления ,Переход /qa-panel/updates,Страница/JS загружается; действие с боевыми данными требует проверки на сервере,/qa-panel/updates
logs,a,,Журналы ,Переход /qa-panel/logs,Страница/JS загружается; действие с боевыми данными требует проверки на сервере,/qa-panel/logs
logs,a,,Аудит ,Переход /qa-panel/audit,Страница/JS загружается; действие с боевыми данными требует проверки на сервере,/qa-panel/audit
logs,a,,Напоминания ,Переход /qa-panel/reminders,Страница/JS загружается; действие с боевыми данными требует проверки на сервере,/qa-panel/reminders
logs,a,,Настройки ,Переход /qa-panel/settings,Страница/JS загружается; действие с боевыми данными требует проверки на сервере,/qa-panel/settings
logs,a,,Диагностика ,Переход /qa-panel/diagnostics,Страница/JS загружается; действие с боевыми данными требует проверки на сервере,/qa-panel/diagnostics
logs,a,,⇥ Выйти ,Переход /qa-panel/logout,Страница/JS загружается; действие с боевыми данными требует проверки на сервере,/qa-panel/logout
logs,button,mobile-nav-toggle,,JS-действие или изменение параметра; сверить с обработчиком,Страница/JS загружается; действие с боевыми данными требует проверки на сервере,
logs,a,,,Переход /qa-panel/messages,Страница/JS загружается; действие с боевыми данными требует проверки на сервере,/qa-panel/messages
logs,select,logs-service,Telegram-бот Веб-панель Бэкапы Процесс бэкапа · live Напоминания Обновления ,JS-действие или изменение параметра; сверить с обработчиком,Страница/JS загружается; действие с боевыми данными требует проверки на сервере,
messages,a,,Обзор ,Переход /qa-panel/,Страница/JS загружается; действие с боевыми данными требует проверки на сервере,/qa-panel/
messages,a,,Пользователи ,Переход /qa-panel/users,Страница/JS загружается; действие с боевыми данными требует проверки на сервере,/qa-panel/users
messages,a,,Ссылки подписок ,Переход /qa-panel/subscription-tools,Страница/JS загружается; действие с боевыми данными требует проверки на сервере,/qa-panel/subscription-tools
messages,a,,Сообщения ,Переход /qa-panel/messages,Страница/JS загружается; действие с боевыми данными требует проверки на сервере,/qa-panel/messages
messages,a,,3x-ui ,Переход https://panel.example.com,Страница/JS загружается; действие с боевыми данными требует проверки на сервере,https://panel.example.com
messages,a,,Рассылка ,Переход /qa-panel/broadcast,Страница/JS загружается; действие с боевыми данными требует проверки на сервере,/qa-panel/broadcast
messages,a,,Оплаты ,Переход /qa-panel/payments,Страница/JS загружается; действие с боевыми данными требует проверки на сервере,/qa-panel/payments
messages,a,,Мониторинг ,Переход /qa-panel/monitoring,Страница/JS загружается; действие с боевыми данными требует проверки на сервере,/qa-panel/monitoring
messages,a,,Бэкапы ,Переход /qa-panel/backups,Страница/JS загружается; действие с боевыми данными требует проверки на сервере,/qa-panel/backups
messages,a,,Обновления ,Переход /qa-panel/updates,Страница/JS загружается; действие с боевыми данными требует проверки на сервере,/qa-panel/updates
messages,a,,Журналы ,Переход /qa-panel/logs,Страница/JS загружается; действие с боевыми данными требует проверки на сервере,/qa-panel/logs
messages,a,,Аудит ,Переход /qa-panel/audit,Страница/JS загружается; действие с боевыми данными требует проверки на сервере,/qa-panel/audit
messages,a,,Напоминания ,Переход /qa-panel/reminders,Страница/JS загружается; действие с боевыми данными требует проверки на сервере,/qa-panel/reminders
messages,a,,Настройки ,Переход /qa-panel/settings,Страница/JS загружается; действие с боевыми данными требует проверки на сервере,/qa-panel/settings
messages,a,,Диагностика ,Переход /qa-panel/diagnostics,Страница/JS загружается; действие с боевыми данными требует проверки на сервере,/qa-panel/diagnostics
messages,a,,⇥ Выйти ,Переход /qa-panel/logout,Страница/JS загружается; действие с боевыми данными требует проверки на сервере,/qa-panel/logout
messages,button,mobile-nav-toggle,,JS-действие или изменение параметра; сверить с обработчиком,Страница/JS загружается; действие с боевыми данными требует проверки на сервере,
messages,a,,,Переход /qa-panel/messages,Страница/JS загружается; действие с боевыми данными требует проверки на сервере,/qa-panel/messages
messages,a,,Все направления ,Переход /messages?tg_id=0&direction=all&message_kind=all&q=&page_no=1&per_page=50,Страница/JS загружается; действие с боевыми данными требует проверки на сервере,/messages?tg_id=0&direction=all&message_kind=all&q=&page_no=1&per_page=50
messages,a,,Входящие ,Переход /messages?tg_id=0&direction=in&message_kind=all&q=&page_no=1&per_page=50,Страница/JS загружается; действие с боевыми данными требует проверки на сервере,/messages?tg_id=0&direction=in&message_kind=all&q=&page_no=1&per_page=50
messages,a,,Исходящие ,Переход /messages?tg_id=0&direction=out&message_kind=all&q=&page_no=1&per_page=50,Страница/JS загружается; действие с боевыми данными требует проверки на сервере,/messages?tg_id=0&direction=out&message_kind=all&q=&page_no=1&per_page=50
messages,a,,Система ,Переход /messages?tg_id=0&direction=system&message_kind=all&q=&page_no=1&per_page=50,Страница/JS загружается; действие с боевыми данными требует проверки на сервере,/messages?tg_id=0&direction=system&message_kind=all&q=&page_no=1&per_page=50
messages,a,,Все типы ,Переход /messages?tg_id=0&direction=all&message_kind=all&q=&page_no=1&per_page=50,Страница/JS загружается; действие с боевыми данными требует проверки на сервере,/messages?tg_id=0&direction=all&message_kind=all&q=&page_no=1&per_page=50
messages,a,,Обычные ,Переход /messages?tg_id=0&direction=all&message_kind=message&q=&page_no=1&per_page=50,Страница/JS загружается; действие с боевыми данными требует проверки на сервере,/messages?tg_id=0&direction=all&message_kind=message&q=&page_no=1&per_page=50
messages,a,,Служебные ,Переход /messages?tg_id=0&direction=all&message_kind=service&q=&page_no=1&per_page=50,Страница/JS загружается; действие с боевыми данными требует проверки на сервере,/messages?tg_id=0&direction=all&message_kind=service&q=&page_no=1&per_page=50
messages,select,per_page,25 50 100 ,JS-действие или изменение параметра; сверить с обработчиком,Страница/JS загружается; действие с боевыми данными требует проверки на сервере,/messages
messages,button,,Искать ,Отправка/сохранение /messages,Страница/JS загружается; действие с боевыми данными требует проверки на сервере,/messages
monitoring,a,,Обзор ,Переход /qa-panel/,Страница/JS загружается; действие с боевыми данными требует проверки на сервере,/qa-panel/
monitoring,a,,Пользователи ,Переход /qa-panel/users,Страница/JS загружается; действие с боевыми данными требует проверки на сервере,/qa-panel/users
monitoring,a,,Ссылки подписок ,Переход /qa-panel/subscription-tools,Страница/JS загружается; действие с боевыми данными требует проверки на сервере,/qa-panel/subscription-tools
monitoring,a,,Сообщения ,Переход /qa-panel/messages,Страница/JS загружается; действие с боевыми данными требует проверки на сервере,/qa-panel/messages
monitoring,a,,3x-ui ,Переход https://panel.example.com,Страница/JS загружается; действие с боевыми данными требует проверки на сервере,https://panel.example.com
monitoring,a,,Рассылка ,Переход /qa-panel/broadcast,Страница/JS загружается; действие с боевыми данными требует проверки на сервере,/qa-panel/broadcast
monitoring,a,,Оплаты ,Переход /qa-panel/payments,Страница/JS загружается; действие с боевыми данными требует проверки на сервере,/qa-panel/payments
monitoring,a,,Мониторинг ,Переход /qa-panel/monitoring,Страница/JS загружается; действие с боевыми данными требует проверки на сервере,/qa-panel/monitoring
monitoring,a,,Бэкапы ,Переход /qa-panel/backups,Страница/JS загружается; действие с боевыми данными требует проверки на сервере,/qa-panel/backups
monitoring,a,,Обновления ,Переход /qa-panel/updates,Страница/JS загружается; действие с боевыми данными требует проверки на сервере,/qa-panel/updates
monitoring,a,,Журналы ,Переход /qa-panel/logs,Страница/JS загружается; действие с боевыми данными требует проверки на сервере,/qa-panel/logs
monitoring,a,,Аудит ,Переход /qa-panel/audit,Страница/JS загружается; действие с боевыми данными требует проверки на сервере,/qa-panel/audit
monitoring,a,,Напоминания ,Переход /qa-panel/reminders,Страница/JS загружается; действие с боевыми данными требует проверки на сервере,/qa-panel/reminders
monitoring,a,,Настройки ,Переход /qa-panel/settings,Страница/JS загружается; действие с боевыми данными требует проверки на сервере,/qa-panel/settings
monitoring,a,,Диагностика ,Переход /qa-panel/diagnostics,Страница/JS загружается; действие с боевыми данными требует проверки на сервере,/qa-panel/diagnostics
monitoring,a,,⇥ Выйти ,Переход /qa-panel/logout,Страница/JS загружается; действие с боевыми данными требует проверки на сервере,/qa-panel/logout
monitoring,button,mobile-nav-toggle,,JS-действие или изменение параметра; сверить с обработчиком,Страница/JS загружается; действие с боевыми данными требует проверки на сервере,
monitoring,a,,,Переход /qa-panel/messages,Страница/JS загружается; действие с боевыми данными требует проверки на сервере,/qa-panel/messages
payments,a,,Обзор ,Переход /qa-panel/,Страница/JS загружается; действие с боевыми данными требует проверки на сервере,/qa-panel/
payments,a,,Пользователи ,Переход /qa-panel/users,Страница/JS загружается; действие с боевыми данными требует проверки на сервере,/qa-panel/users
payments,a,,Ссылки подписок ,Переход /qa-panel/subscription-tools,Страница/JS загружается; действие с боевыми данными требует проверки на сервере,/qa-panel/subscription-tools
payments,a,,Сообщения ,Переход /qa-panel/messages,Страница/JS загружается; действие с боевыми данными требует проверки на сервере,/qa-panel/messages
payments,a,,3x-ui ,Переход https://panel.example.com,Страница/JS загружается; действие с боевыми данными требует проверки на сервере,https://panel.example.com
payments,a,,Рассылка ,Переход /qa-panel/broadcast,Страница/JS загружается; действие с боевыми данными требует проверки на сервере,/qa-panel/broadcast
payments,a,,Оплаты ,Переход /qa-panel/payments,Страница/JS загружается; действие с боевыми данными требует проверки на сервере,/qa-panel/payments
payments,a,,Мониторинг ,Переход /qa-panel/monitoring,Страница/JS загружается; действие с боевыми данными требует проверки на сервере,/qa-panel/monitoring
payments,a,,Бэкапы ,Переход /qa-panel/backups,Страница/JS загружается; действие с боевыми данными требует проверки на сервере,/qa-panel/backups
payments,a,,Обновления ,Переход /qa-panel/updates,Страница/JS загружается; действие с боевыми данными требует проверки на сервере,/qa-panel/updates
payments,a,,Журналы ,Переход /qa-panel/logs,Страница/JS загружается; действие с боевыми данными требует проверки на сервере,/qa-panel/logs
payments,a,,Аудит ,Переход /qa-panel/audit,Страница/JS загружается; действие с боевыми данными требует проверки на сервере,/qa-panel/audit
payments,a,,Напоминания ,Переход /qa-panel/reminders,Страница/JS загружается; действие с боевыми данными требует проверки на сервере,/qa-panel/reminders
payments,a,,Настройки ,Переход /qa-panel/settings,Страница/JS загружается; действие с боевыми данными требует проверки на сервере,/qa-panel/settings
payments,a,,Диагностика ,Переход /qa-panel/diagnostics,Страница/JS загружается; действие с боевыми данными требует проверки на сервере,/qa-panel/diagnostics
payments,a,,⇥ Выйти ,Переход /qa-panel/logout,Страница/JS загружается; действие с боевыми данными требует проверки на сервере,/qa-panel/logout
payments,button,mobile-nav-toggle,,JS-действие или изменение параметра; сверить с обработчиком,Страница/JS загружается; действие с боевыми данными требует проверки на сервере,
payments,a,,,Переход /qa-panel/messages,Страница/JS загружается; действие с боевыми данными требует проверки на сервере,/qa-panel/messages
reminders,a,,Обзор ,Переход /qa-panel/,Страница/JS загружается; действие с боевыми данными требует проверки на сервере,/qa-panel/
reminders,a,,Пользователи ,Переход /qa-panel/users,Страница/JS загружается; действие с боевыми данными требует проверки на сервере,/qa-panel/users
reminders,a,,Ссылки подписок ,Переход /qa-panel/subscription-tools,Страница/JS загружается; действие с боевыми данными требует проверки на сервере,/qa-panel/subscription-tools
reminders,a,,Сообщения ,Переход /qa-panel/messages,Страница/JS загружается; действие с боевыми данными требует проверки на сервере,/qa-panel/messages
reminders,a,,3x-ui ,Переход https://panel.example.com,Страница/JS загружается; действие с боевыми данными требует проверки на сервере,https://panel.example.com
reminders,a,,Рассылка ,Переход /qa-panel/broadcast,Страница/JS загружается; действие с боевыми данными требует проверки на сервере,/qa-panel/broadcast
reminders,a,,Оплаты ,Переход /qa-panel/payments,Страница/JS загружается; действие с боевыми данными требует проверки на сервере,/qa-panel/payments
reminders,a,,Мониторинг ,Переход /qa-panel/monitoring,Страница/JS загружается; действие с боевыми данными требует проверки на сервере,/qa-panel/monitoring
reminders,a,,Бэкапы ,Переход /qa-panel/backups,Страница/JS загружается; действие с боевыми данными требует проверки на сервере,/qa-panel/backups
reminders,a,,Обновления ,Переход /qa-panel/updates,Страница/JS загружается; действие с боевыми данными требует проверки на сервере,/qa-panel/updates
reminders,a,,Журналы ,Переход /qa-panel/logs,Страница/JS загружается; действие с боевыми данными требует проверки на сервере,/qa-panel/logs
reminders,a,,Аудит ,Переход /qa-panel/audit,Страница/JS загружается; действие с боевыми данными требует проверки на сервере,/qa-panel/audit
reminders,a,,Напоминания ,Переход /qa-panel/reminders,Страница/JS загружается; действие с боевыми данными требует проверки на сервере,/qa-panel/reminders
reminders,a,,Настройки ,Переход /qa-panel/settings,Страница/JS загружается; действие с боевыми данными требует проверки на сервере,/qa-panel/settings
reminders,a,,Диагностика ,Переход /qa-panel/diagnostics,Страница/JS загружается; действие с боевыми данными требует проверки на сервере,/qa-panel/diagnostics
reminders,a,,⇥ Выйти ,Переход /qa-panel/logout,Страница/JS загружается; действие с боевыми данными требует проверки на сервере,/qa-panel/logout
reminders,button,mobile-nav-toggle,,JS-действие или изменение параметра; сверить с обработчиком,Страница/JS загружается; действие с боевыми данными требует проверки на сервере,
reminders,a,,,Переход /qa-panel/messages,Страница/JS загружается; действие с боевыми данными требует проверки на сервере,/qa-panel/messages
settings,a,,Обзор ,Переход /qa-panel/,Страница/JS загружается; действие с боевыми данными требует проверки на сервере,/qa-panel/
settings,a,,Пользователи ,Переход /qa-panel/users,Страница/JS загружается; действие с боевыми данными требует проверки на сервере,/qa-panel/users
settings,a,,Ссылки подписок ,Переход /qa-panel/subscription-tools,Страница/JS загружается; действие с боевыми данными требует проверки на сервере,/qa-panel/subscription-tools
settings,a,,Сообщения ,Переход /qa-panel/messages,Страница/JS загружается; действие с боевыми данными требует проверки на сервере,/qa-panel/messages
settings,a,,3x-ui ,Переход https://panel.example.com,Страница/JS загружается; действие с боевыми данными требует проверки на сервере,https://panel.example.com
settings,a,,Рассылка ,Переход /qa-panel/broadcast,Страница/JS загружается; действие с боевыми данными требует проверки на сервере,/qa-panel/broadcast
settings,a,,Оплаты ,Переход /qa-panel/payments,Страница/JS загружается; действие с боевыми данными требует проверки на сервере,/qa-panel/payments
settings,a,,Мониторинг ,Переход /qa-panel/monitoring,Страница/JS загружается; действие с боевыми данными требует проверки на сервере,/qa-panel/monitoring
settings,a,,Бэкапы ,Переход /qa-panel/backups,Страница/JS загружается; действие с боевыми данными требует проверки на сервере,/qa-panel/backups
settings,a,,Обновления ,Переход /qa-panel/updates,Страница/JS загружается; действие с боевыми данными требует проверки на сервере,/qa-panel/updates
settings,a,,Журналы ,Переход /qa-panel/logs,Страница/JS загружается; действие с боевыми данными требует проверки на сервере,/qa-panel/logs
settings,a,,Аудит ,Переход /qa-panel/audit,Страница/JS загружается; действие с боевыми данными требует проверки на сервере,/qa-panel/audit
settings,a,,Напоминания ,Переход /qa-panel/reminders,Страница/JS загружается; действие с боевыми данными требует проверки на сервере,/qa-panel/reminders
settings,a,,Настройки ,Переход /qa-panel/settings,Страница/JS загружается; действие с боевыми данными требует проверки на сервере,/qa-panel/settings
settings,a,,Диагностика ,Переход /qa-panel/diagnostics,Страница/JS загружается; действие с боевыми данными требует проверки на сервере,/qa-panel/diagnostics
settings,a,,⇥ Выйти ,Переход /qa-panel/logout,Страница/JS загружается; действие с боевыми данными требует проверки на сервере,/qa-panel/logout
settings,button,mobile-nav-toggle,,JS-действие или изменение параметра; сверить с обработчиком,Страница/JS загружается; действие с боевыми данными требует проверки на сервере,
settings,a,,,Переход /qa-panel/messages,Страница/JS загружается; действие с боевыми данными требует проверки на сервере,/qa-panel/messages
settings,a,,Бот и сервис ,Переход /qa-panel/settings#bot,Страница/JS загружается; действие с боевыми данными требует проверки на сервере,/qa-panel/settings#bot
settings,a,,Оплата и чеки ,Переход /qa-panel/settings#payment,Страница/JS загружается; действие с боевыми данными требует проверки на сервере,/qa-panel/settings#payment
settings,a,,3x-ui ,Переход /qa-panel/settings#xui,Страница/JS загружается; действие с боевыми данными требует проверки на сервере,/qa-panel/settings#xui
settings,a,,Панель и защита ,Переход /qa-panel/settings#security,Страница/JS загружается; действие с боевыми данными требует проверки на сервере,/qa-panel/settings#security
settings,a,,Уведомления ,Переход /qa-panel/settings#notifications,Страница/JS загружается; действие с боевыми данными требует проверки на сервере,/qa-panel/settings#notifications
settings,a,,Бэкапы и данные ,Переход /qa-panel/settings#data,Страница/JS загружается; действие с боевыми данными требует проверки на сервере,/qa-panel/settings#data
settings,a,,Открыть рассылку ,Переход /broadcast,Страница/JS загружается; действие с боевыми данными требует проверки на сервере,/broadcast
settings,input,receipt_ocr_enabled,Локально распознавать чеки  ,JS-действие или изменение параметра; сверить с обработчиком,Страница/JS загружается; действие с боевыми данными требует проверки на сервере,/qa-panel/settings
settings,input,receipt_auto_approve,Автоматически подтверждать при успешных фильтрах  ,JS-действие или изменение параметра; сверить с обработчиком,Страница/JS загружается; действие с боевыми данными требует проверки на сервере,/qa-panel/settings
settings,input,receipt_allow_masked_phone,"Разрешать частично скрытый телефон   Минимальная сумма, ₽  Максимальный возраст, часов   Дополнительные варианты имени    Фильтры и движок OCR    ",JS-действие или изменение параметра; сверить с обработчиком,Страница/JS загружается; действие с боевыми данными требует проверки на сервере,/qa-panel/settings
settings,input,receipt_filter_name,Проверять имя получателя  ,JS-действие или изменение параметра; сверить с обработчиком,Страница/JS загружается; действие с боевыми данными требует проверки на сервере,/qa-panel/settings
settings,input,receipt_filter_phone,Проверять телефон  ,JS-действие или изменение параметра; сверить с обработчиком,Страница/JS загружается; действие с боевыми данными требует проверки на сервере,/qa-panel/settings
settings,input,receipt_filter_amount,Проверять сумму  ,JS-действие или изменение параметра; сверить с обработчиком,Страница/JS загружается; действие с боевыми данными требует проверки на сервере,/qa-panel/settings
settings,input,receipt_filter_date,Проверять дату  ,JS-действие или изменение параметра; сверить с обработчиком,Страница/JS загружается; действие с боевыми данными требует проверки на сервере,/qa-panel/settings
settings,input,receipt_filter_status,Блокировать отменённые / ошибочные чеки  ,JS-действие или изменение параметра; сверить с обработчиком,Страница/JS загружается; действие с боевыми данными требует проверки на сервере,/qa-panel/settings
settings,input,receipt_filter_duplicate,"Блокировать дубликаты    Часовой пояс чеков  Языки Tesseract  Тайм-аут одного прохода, сек.          Подключение к 3x-ui Единый адрес панели: браузерный переход и API используют одну настройку. ",JS-действие или изменение параметра; сверить с обработчиком,Страница/JS загружается; действие с боевыми данными требует проверки на сервере,/qa-panel/settings
settings,input,xui_verify_tls,Проверять TLS-сертификат 3x-ui  ,JS-действие или изменение параметра; сверить с обработчиком,Страница/JS загружается; действие с боевыми данными требует проверки на сервере,/qa-panel/settings
settings,button,,Сохранить подключение 3x-ui ,Отправка/сохранение /qa-panel/settings/xui,Страница/JS загружается; действие с боевыми данными требует проверки на сервере,/qa-panel/settings/xui
settings,a,,◈ Открыть 3x-ui ,Переход https://panel.example.com,Страница/JS загружается; действие с боевыми данными требует проверки на сервере,https://panel.example.com
settings,input,,Только HTTPS-cookie Фиксировано: панель работает за HTTPS reverse proxy.  ,JS-действие или изменение параметра; сверить с обработчиком,Страница/JS загружается; действие с боевыми данными требует проверки на сервере,/qa-panel/settings
settings,input,,Доверять X-Forwarded-* от reverse proxy Фиксировано для внешнего HTTPS reverse proxy.         Браузерные и PWA уведомления  Только для административной веб-панели. В личном кабинете пользователей Push не используется. Панель должна быть открыта через HTTPS 443; локальные HTTP-адреса для Push не подходят. ,JS-действие или изменение параметра; сверить с обработчиком,Страница/JS загружается; действие с боевыми данными требует проверки на сервере,/qa-panel/settings
settings,a,,Открыть Service Worker ,Переход /qa-panel/service-worker.js,Страница/JS загружается; действие с боевыми данными требует проверки на сервере,/qa-panel/service-worker.js
settings,button,panel-push-enable,Включить ,Отправка/сохранение /qa-panel/settings,DOM/HTTP-имитация пройдена; внешняя доставка/БД требует сервера,/qa-panel/settings
settings,button,panel-push-test,Тест ,Отправка/сохранение /qa-panel/settings,DOM/HTTP-имитация пройдена; внешняя доставка/БД требует сервера,/qa-panel/settings
settings,button,panel-push-disable,Выключить ,Отправка/сохранение /qa-panel/settings,DOM/HTTP-имитация пройдена; внешняя доставка/БД требует сервера,/qa-panel/settings
settings,button,panel-push-check,Проверить ,Отправка/сохранение /qa-panel/settings,DOM/HTTP-имитация пройдена; внешняя доставка/БД требует сервера,/qa-panel/settings
settings,button,panel-push-log-refresh,Обновить журнал ,Отправка/сохранение /qa-panel/settings,DOM/HTTP-имитация пройдена; внешняя доставка/БД требует сервера,/qa-panel/settings
settings,button,app-log-refresh,Обновить ,Отправка/сохранение /qa-panel/settings,DOM/HTTP-имитация пройдена; внешняя доставка/БД требует сервера,/qa-panel/settings
settings,select,app-log-limit,Последние 100 строк Последние 500 строк Последние 1000 строк ,JS-действие или изменение параметра; сверить с обработчиком,DOM/HTTP-имитация пройдена; внешняя доставка/БД требует сервера,/qa-panel/settings
settings,input,backup_telegram,Отправлять резервные копии в Telegram  ,JS-действие или изменение параметра; сверить с обработчиком,Страница/JS загружается; действие с боевыми данными требует проверки на сервере,/qa-panel/settings
settings,input,backup_include_venv,"Включать Python-окружение    Нагрузка и хранение истории  Хранить чат и действия, дней  Максимум записей истории  Интервал записи метрик, сек.  Максимум архива импорта ID, МБ ",JS-действие или изменение параметра; сверить с обработчиком,Страница/JS загружается; действие с боевыми данными требует проверки на сервере,/qa-panel/settings
settings,button,,Сохранить настройки ,Отправка/сохранение /qa-panel/settings,Страница/JS загружается; действие с боевыми данными требует проверки на сервере,/qa-panel/settings
subscription-tools,a,,Обзор ,Переход /qa-panel/,Страница/JS загружается; действие с боевыми данными требует проверки на сервере,/qa-panel/
subscription-tools,a,,Пользователи ,Переход /qa-panel/users,Страница/JS загружается; действие с боевыми данными требует проверки на сервере,/qa-panel/users
subscription-tools,a,,Ссылки подписок ,Переход /qa-panel/subscription-tools,Страница/JS загружается; действие с боевыми данными требует проверки на сервере,/qa-panel/subscription-tools
subscription-tools,a,,Сообщения ,Переход /qa-panel/messages,Страница/JS загружается; действие с боевыми данными требует проверки на сервере,/qa-panel/messages
subscription-tools,a,,3x-ui ,Переход https://panel.example.com,Страница/JS загружается; действие с боевыми данными требует проверки на сервере,https://panel.example.com
subscription-tools,a,,Рассылка ,Переход /qa-panel/broadcast,Страница/JS загружается; действие с боевыми данными требует проверки на сервере,/qa-panel/broadcast
subscription-tools,a,,Оплаты ,Переход /qa-panel/payments,Страница/JS загружается; действие с боевыми данными требует проверки на сервере,/qa-panel/payments
subscription-tools,a,,Мониторинг ,Переход /qa-panel/monitoring,Страница/JS загружается; действие с боевыми данными требует проверки на сервере,/qa-panel/monitoring
subscription-tools,a,,Бэкапы ,Переход /qa-panel/backups,Страница/JS загружается; действие с боевыми данными требует проверки на сервере,/qa-panel/backups
subscription-tools,a,,Обновления ,Переход /qa-panel/updates,Страница/JS загружается; действие с боевыми данными требует проверки на сервере,/qa-panel/updates
subscription-tools,a,,Журналы ,Переход /qa-panel/logs,Страница/JS загружается; действие с боевыми данными требует проверки на сервере,/qa-panel/logs
subscription-tools,a,,Аудит ,Переход /qa-panel/audit,Страница/JS загружается; действие с боевыми данными требует проверки на сервере,/qa-panel/audit
subscription-tools,a,,Напоминания ,Переход /qa-panel/reminders,Страница/JS загружается; действие с боевыми данными требует проверки на сервере,/qa-panel/reminders
subscription-tools,a,,Настройки ,Переход /qa-panel/settings,Страница/JS загружается; действие с боевыми данными требует проверки на сервере,/qa-panel/settings
subscription-tools,a,,Диагностика ,Переход /qa-panel/diagnostics,Страница/JS загружается; действие с боевыми данными требует проверки на сервере,/qa-panel/diagnostics
subscription-tools,a,,⇥ Выйти ,Переход /qa-panel/logout,Страница/JS загружается; действие с боевыми данными требует проверки на сервере,/qa-panel/logout
subscription-tools,button,mobile-nav-toggle,,JS-действие или изменение параметра; сверить с обработчиком,Страница/JS загружается; действие с боевыми данными требует проверки на сервере,
subscription-tools,a,,,Переход /qa-panel/messages,Страница/JS загружается; действие с боевыми данными требует проверки на сервере,/qa-panel/messages
subscription-tools,button,subscription-refresh-start,↻ Запустить отправку ,Отправка/сохранение /users/refresh-subscription-links,Страница/JS загружается; действие с боевыми данными требует проверки на сервере,/users/refresh-subscription-links
updates,a,,Обзор ,Переход /qa-panel/,Страница/JS загружается; действие с боевыми данными требует проверки на сервере,/qa-panel/
updates,a,,Пользователи ,Переход /qa-panel/users,Страница/JS загружается; действие с боевыми данными требует проверки на сервере,/qa-panel/users
updates,a,,Ссылки подписок ,Переход /qa-panel/subscription-tools,Страница/JS загружается; действие с боевыми данными требует проверки на сервере,/qa-panel/subscription-tools
updates,a,,Сообщения ,Переход /qa-panel/messages,Страница/JS загружается; действие с боевыми данными требует проверки на сервере,/qa-panel/messages
updates,a,,3x-ui ,Переход https://panel.example.com,Страница/JS загружается; действие с боевыми данными требует проверки на сервере,https://panel.example.com
updates,a,,Рассылка ,Переход /qa-panel/broadcast,Страница/JS загружается; действие с боевыми данными требует проверки на сервере,/qa-panel/broadcast
updates,a,,Оплаты ,Переход /qa-panel/payments,Страница/JS загружается; действие с боевыми данными требует проверки на сервере,/qa-panel/payments
updates,a,,Мониторинг ,Переход /qa-panel/monitoring,Страница/JS загружается; действие с боевыми данными требует проверки на сервере,/qa-panel/monitoring
updates,a,,Бэкапы ,Переход /qa-panel/backups,Страница/JS загружается; действие с боевыми данными требует проверки на сервере,/qa-panel/backups
updates,a,,Обновления ,Переход /qa-panel/updates,Страница/JS загружается; действие с боевыми данными требует проверки на сервере,/qa-panel/updates
updates,a,,Журналы ,Переход /qa-panel/logs,Страница/JS загружается; действие с боевыми данными требует проверки на сервере,/qa-panel/logs
updates,a,,Аудит ,Переход /qa-panel/audit,Страница/JS загружается; действие с боевыми данными требует проверки на сервере,/qa-panel/audit
updates,a,,Напоминания ,Переход /qa-panel/reminders,Страница/JS загружается; действие с боевыми данными требует проверки на сервере,/qa-panel/reminders
updates,a,,Настройки ,Переход /qa-panel/settings,Страница/JS загружается; действие с боевыми данными требует проверки на сервере,/qa-panel/settings
updates,a,,Диагностика ,Переход /qa-panel/diagnostics,Страница/JS загружается; действие с боевыми данными требует проверки на сервере,/qa-panel/diagnostics
updates,a,,⇥ Выйти ,Переход /qa-panel/logout,Страница/JS загружается; действие с боевыми данными требует проверки на сервере,/qa-panel/logout
updates,button,mobile-nav-toggle,,JS-действие или изменение параметра; сверить с обработчиком,Страница/JS загружается; действие с боевыми данными требует проверки на сервере,
updates,a,,,Переход /qa-panel/messages,Страница/JS загружается; действие с боевыми данными требует проверки на сервере,/qa-panel/messages
updates,button,check-updates-button,Проверить сейчас ,Отправка/сохранение /qa-panel/updates/check,Страница/JS загружается; действие с боевыми данными требует проверки на сервере,/qa-panel/updates/check
users,a,,Обзор ,Переход /qa-panel/,Страница/JS загружается; действие с боевыми данными требует проверки на сервере,/qa-panel/
users,a,,Пользователи ,Переход /qa-panel/users,Страница/JS загружается; действие с боевыми данными требует проверки на сервере,/qa-panel/users
users,a,,Ссылки подписок ,Переход /qa-panel/subscription-tools,Страница/JS загружается; действие с боевыми данными требует проверки на сервере,/qa-panel/subscription-tools
users,a,,Сообщения ,Переход /qa-panel/messages,Страница/JS загружается; действие с боевыми данными требует проверки на сервере,/qa-panel/messages
users,a,,3x-ui ,Переход https://panel.example.com,Страница/JS загружается; действие с боевыми данными требует проверки на сервере,https://panel.example.com
users,a,,Рассылка ,Переход /qa-panel/broadcast,Страница/JS загружается; действие с боевыми данными требует проверки на сервере,/qa-panel/broadcast
users,a,,Оплаты ,Переход /qa-panel/payments,Страница/JS загружается; действие с боевыми данными требует проверки на сервере,/qa-panel/payments
users,a,,Мониторинг ,Переход /qa-panel/monitoring,Страница/JS загружается; действие с боевыми данными требует проверки на сервере,/qa-panel/monitoring
users,a,,Бэкапы ,Переход /qa-panel/backups,Страница/JS загружается; действие с боевыми данными требует проверки на сервере,/qa-panel/backups
users,a,,Обновления ,Переход /qa-panel/updates,Страница/JS загружается; действие с боевыми данными требует проверки на сервере,/qa-panel/updates
users,a,,Журналы ,Переход /qa-panel/logs,Страница/JS загружается; действие с боевыми данными требует проверки на сервере,/qa-panel/logs
users,a,,Аудит ,Переход /qa-panel/audit,Страница/JS загружается; действие с боевыми данными требует проверки на сервере,/qa-panel/audit
users,a,,Напоминания ,Переход /qa-panel/reminders,Страница/JS загружается; действие с боевыми данными требует проверки на сервере,/qa-panel/reminders
users,a,,Настройки ,Переход /qa-panel/settings,Страница/JS загружается; действие с боевыми данными требует проверки на сервере,/qa-panel/settings
users,a,,Диагностика ,Переход /qa-panel/diagnostics,Страница/JS загружается; действие с боевыми данными требует проверки на сервере,/qa-panel/diagnostics
users,a,,⇥ Выйти ,Переход /qa-panel/logout,Страница/JS загружается; действие с боевыми данными требует проверки на сервере,/qa-panel/logout
users,button,mobile-nav-toggle,,JS-действие или изменение параметра; сверить с обработчиком,Страница/JS загружается; действие с боевыми данными требует проверки на сервере,
users,a,,,Переход /qa-panel/messages,Страница/JS загружается; действие с боевыми данными требует проверки на сервере,/qa-panel/messages
users,a,,↻ Ссылки подписок ,Переход /subscription-tools,Страница/JS загружается; действие с боевыми данными требует проверки на сервере,/subscription-tools
users,a,,✉ Массовая рассылка ,Переход /broadcast,Страница/JS загружается; действие с боевыми данными требует проверки на сервере,/broadcast
users,a,,Импорт привязок ,Переход /users/import-identities,Страница/JS загружается; действие с боевыми данными требует проверки на сервере,/users/import-identities
users,button,,⬆ Загрузить в 3x-ui ,Отправка/сохранение /users/import-to-3xui,Страница/JS загружается; действие с боевыми данными требует проверки на сервере,/users/import-to-3xui
users,a,,＋ Создать пользователя ,Переход /users/new,Страница/JS загружается; действие с боевыми данными требует проверки на сервере,/users/new
users,select,status,Все Активные Истёкшие Заблокированные Сейчас онлайн ,JS-действие или изменение параметра; сверить с обработчиком,Страница/JS загружается; действие с боевыми данными требует проверки на сервере,
users,select,sort,По остатку срока По последнему онлайн По объёму трафика По остатку лимита По имени По дате регистрации ,JS-действие или изменение параметра; сверить с обработчиком,Страница/JS загружается; действие с боевыми данными требует проверки на сервере,
users,select,order,По возрастанию По убыванию ,JS-действие или изменение параметра; сверить с обработчиком,Страница/JS загружается; действие с боевыми данными требует проверки на сервере,
users,button,data-page-prev,← Назад ,JS-действие или изменение параметра; сверить с обработчиком,DOM/HTTP-имитация пройдена; внешняя доставка/БД требует сервера,
users,button,data-page-next,Далее → ,JS-действие или изменение параметра; сверить с обработчиком,DOM/HTTP-имитация пройдена; внешняя доставка/БД требует сервера,
users,a,,Открыть чат ,Переход /users/id/1,Страница/JS загружается; действие с боевыми данными требует проверки на сервере,/users/id/1
users,button,,Срок ,Отправка/сохранение /users/1/days,Страница/JS загружается; действие с боевыми данными требует проверки на сервере,/users/1/days
users,button,,Блокировать ,Отправка/сохранение /users/1/toggle,Страница/JS загружается; действие с боевыми данными требует проверки на сервере,/users/1/toggle
users,button,,Удалить ,Отправка/сохранение /users/1/delete,Страница/JS загружается; действие с боевыми данными требует проверки на сервере,/users/1/delete
users,a,,Открыть чат ,Переход /users/id/2,Страница/JS загружается; действие с боевыми данными требует проверки на сервере,/users/id/2
users,button,,Срок ,Отправка/сохранение /users/2/days,Страница/JS загружается; действие с боевыми данными требует проверки на сервере,/users/2/days
users,button,,Блокировать ,Отправка/сохранение /users/2/toggle,Страница/JS загружается; действие с боевыми данными требует проверки на сервере,/users/2/toggle
users,button,,Удалить ,Отправка/сохранение /users/2/delete,Страница/JS загружается; действие с боевыми данными требует проверки на сервере,/users/2/delete
users,a,,Открыть чат ,Переход /users/id/3,Страница/JS загружается; действие с боевыми данными требует проверки на сервере,/users/id/3
users,button,,Срок ,Отправка/сохранение /users/3/days,Страница/JS загружается; действие с боевыми данными требует проверки на сервере,/users/3/days
users,button,,Включить ,Отправка/сохранение /users/3/toggle,Страница/JS загружается; действие с боевыми данными требует проверки на сервере,/users/3/toggle
users,button,,Удалить ,Отправка/сохранение /users/3/delete,Страница/JS загружается; действие с боевыми данными требует проверки на сервере,/users/3/delete
users,a,,Открыть чат ,Переход /users/id/4,Страница/JS загружается; действие с боевыми данными требует проверки на сервере,/users/id/4
users,button,,Срок ,Отправка/сохранение /users/4/days,Страница/JS загружается; действие с боевыми данными требует проверки на сервере,/users/4/days
users,button,,Блокировать ,Отправка/сохранение /users/4/toggle,Страница/JS загружается; действие с боевыми данными требует проверки на сервере,/users/4/toggle
users,button,,Удалить ,Отправка/сохранение /users/4/delete,Страница/JS загружается; действие с боевыми данными требует проверки на сервере,/users/4/delete
users,a,,Открыть чат ,Переход /users/id/5,Страница/JS загружается; действие с боевыми данными требует проверки на сервере,/users/id/5
users,button,,Срок ,Отправка/сохранение /users/5/days,Страница/JS загружается; действие с боевыми данными требует проверки на сервере,/users/5/days
users,button,,Блокировать ,Отправка/сохранение /users/5/toggle,Страница/JS загружается; действие с боевыми данными требует проверки на сервере,/users/5/toggle
users,button,,Удалить ,Отправка/сохранение /users/5/delete,Страница/JS загружается; действие с боевыми данными требует проверки на сервере,/users/5/delete
users,a,,Открыть чат ,Переход /users/id/6,Страница/JS загружается; действие с боевыми данными требует проверки на сервере,/users/id/6
users,button,,Срок ,Отправка/сохранение /users/6/days,Страница/JS загружается; действие с боевыми данными требует проверки на сервере,/users/6/days
users,button,,Включить ,Отправка/сохранение /users/6/toggle,Страница/JS загружается; действие с боевыми данными требует проверки на сервере,/users/6/toggle
users,button,,Удалить ,Отправка/сохранение /users/6/delete,Страница/JS загружается; действие с боевыми данными требует проверки на сервере,/users/6/delete
users,a,,Открыть чат ,Переход /users/id/7,Страница/JS загружается; действие с боевыми данными требует проверки на сервере,/users/id/7
users,button,,Срок ,Отправка/сохранение /users/7/days,Страница/JS загружается; действие с боевыми данными требует проверки на сервере,/users/7/days
users,button,,Блокировать ,Отправка/сохранение /users/7/toggle,Страница/JS загружается; действие с боевыми данными требует проверки на сервере,/users/7/toggle
users,button,,Удалить ,Отправка/сохранение /users/7/delete,Страница/JS загружается; действие с боевыми данными требует проверки на сервере,/users/7/delete
users,a,,Открыть чат ,Переход /users/id/8,Страница/JS загружается; действие с боевыми данными требует проверки на сервере,/users/id/8
users,button,,Срок ,Отправка/сохранение /users/8/days,Страница/JS загружается; действие с боевыми данными требует проверки на сервере,/users/8/days
users,button,,Блокировать ,Отправка/сохранение /users/8/toggle,Страница/JS загружается; действие с боевыми данными требует проверки на сервере,/users/8/toggle
users,button,,Удалить ,Отправка/сохранение /users/8/delete,Страница/JS загружается; действие с боевыми данными требует проверки на сервере,/users/8/delete
users,a,,Открыть чат ,Переход /users/id/9,Страница/JS загружается; действие с боевыми данными требует проверки на сервере,/users/id/9
users,button,,Срок ,Отправка/сохранение /users/9/days,Страница/JS загружается; действие с боевыми данными требует проверки на сервере,/users/9/days
users,button,,Включить ,Отправка/сохранение /users/9/toggle,Страница/JS загружается; действие с боевыми данными требует проверки на сервере,/users/9/toggle
users,button,,Удалить ,Отправка/сохранение /users/9/delete,Страница/JS загружается; действие с боевыми данными требует проверки на сервере,/users/9/delete
users,a,,Открыть чат ,Переход /users/id/10,Страница/JS загружается; действие с боевыми данными требует проверки на сервере,/users/id/10
users,button,,Срок ,Отправка/сохранение /users/10/days,Страница/JS загружается; действие с боевыми данными требует проверки на сервере,/users/10/days
users,button,,Блокировать ,Отправка/сохранение /users/10/toggle,Страница/JS загружается; действие с боевыми данными требует проверки на сервере,/users/10/toggle
users,button,,Удалить ,Отправка/сохранение /users/10/delete,Страница/JS загружается; действие с боевыми данными требует проверки на сервере,/users/10/delete
users,a,,Открыть чат ,Переход /users/id/11,Страница/JS загружается; действие с боевыми данными требует проверки на сервере,/users/id/11
users,button,,Срок ,Отправка/сохранение /users/11/days,Страница/JS загружается; действие с боевыми данными требует проверки на сервере,/users/11/days
users,button,,Блокировать ,Отправка/сохранение /users/11/toggle,Страница/JS загружается; действие с боевыми данными требует проверки на сервере,/users/11/toggle
users,button,,Удалить ,Отправка/сохранение /users/11/delete,Страница/JS загружается; действие с боевыми данными требует проверки на сервере,/users/11/delete
users,a,,Открыть чат ,Переход /users/id/12,Страница/JS загружается; действие с боевыми данными требует проверки на сервере,/users/id/12
users,button,,Срок ,Отправка/сохранение /users/12/days,Страница/JS загружается; действие с боевыми данными требует проверки на сервере,/users/12/days
users,button,,Включить ,Отправка/сохранение /users/12/toggle,Страница/JS загружается; действие с боевыми данными требует проверки на сервере,/users/12/toggle
users,button,,Удалить ,Отправка/сохранение /users/12/delete,Страница/JS загружается; действие с боевыми данными требует проверки на сервере,/users/12/delete
users,a,,Открыть чат ,Переход /users/id/13,Страница/JS загружается; действие с боевыми данными требует проверки на сервере,/users/id/13
users,button,,Срок ,Отправка/сохранение /users/13/days,Страница/JS загружается; действие с боевыми данными требует проверки на сервере,/users/13/days
users,button,,Блокировать ,Отправка/сохранение /users/13/toggle,Страница/JS загружается; действие с боевыми данными требует проверки на сервере,/users/13/toggle
users,button,,Удалить ,Отправка/сохранение /users/13/delete,Страница/JS загружается; действие с боевыми данными требует проверки на сервере,/users/13/delete
users,a,,Открыть чат ,Переход /users/id/14,Страница/JS загружается; действие с боевыми данными требует проверки на сервере,/users/id/14
users,button,,Срок ,Отправка/сохранение /users/14/days,Страница/JS загружается; действие с боевыми данными требует проверки на сервере,/users/14/days
users,button,,Блокировать ,Отправка/сохранение /users/14/toggle,Страница/JS загружается; действие с боевыми данными требует проверки на сервере,/users/14/toggle
users,button,,Удалить ,Отправка/сохранение /users/14/delete,Страница/JS загружается; действие с боевыми данными требует проверки на сервере,/users/14/delete
users,a,,Открыть чат ,Переход /users/id/15,Страница/JS загружается; действие с боевыми данными требует проверки на сервере,/users/id/15
users,button,,Срок ,Отправка/сохранение /users/15/days,Страница/JS загружается; действие с боевыми данными требует проверки на сервере,/users/15/days
users,button,,Включить ,Отправка/сохранение /users/15/toggle,Страница/JS загружается; действие с боевыми данными требует проверки на сервере,/users/15/toggle
users,button,,Удалить ,Отправка/сохранение /users/15/delete,Страница/JS загружается; действие с боевыми данными требует проверки на сервере,/users/15/delete
users,a,,Открыть чат ,Переход /users/id/16,Страница/JS загружается; действие с боевыми данными требует проверки на сервере,/users/id/16
users,button,,Срок ,Отправка/сохранение /users/16/days,Страница/JS загружается; действие с боевыми данными требует проверки на сервере,/users/16/days
users,button,,Блокировать ,Отправка/сохранение /users/16/toggle,Страница/JS загружается; действие с боевыми данными требует проверки на сервере,/users/16/toggle
users,button,,Удалить ,Отправка/сохранение /users/16/delete,Страница/JS загружается; действие с боевыми данными требует проверки на сервере,/users/16/delete
users,a,,Открыть чат ,Переход /users/id/17,Страница/JS загружается; действие с боевыми данными требует проверки на сервере,/users/id/17
users,button,,Срок ,Отправка/сохранение /users/17/days,Страница/JS загружается; действие с боевыми данными требует проверки на сервере,/users/17/days
users,button,,Блокировать ,Отправка/сохранение /users/17/toggle,Страница/JS загружается; действие с боевыми данными требует проверки на сервере,/users/17/toggle
users,button,,Удалить ,Отправка/сохранение /users/17/delete,Страница/JS загружается; действие с боевыми данными требует проверки на сервере,/users/17/delete
users,a,,Открыть чат ,Переход /users/id/18,Страница/JS загружается; действие с боевыми данными требует проверки на сервере,/users/id/18
users,button,,Срок ,Отправка/сохранение /users/18/days,Страница/JS загружается; действие с боевыми данными требует проверки на сервере,/users/18/days
users,button,,Включить ,Отправка/сохранение /users/18/toggle,Страница/JS загружается; действие с боевыми данными требует проверки на сервере,/users/18/toggle
users,button,,Удалить ,Отправка/сохранение /users/18/delete,Страница/JS загружается; действие с боевыми данными требует проверки на сервере,/users/18/delete
users,a,,Открыть чат ,Переход /users/id/19,Страница/JS загружается; действие с боевыми данными требует проверки на сервере,/users/id/19
users,button,,Срок ,Отправка/сохранение /users/19/days,Страница/JS загружается; действие с боевыми данными требует проверки на сервере,/users/19/days
users,button,,Блокировать ,Отправка/сохранение /users/19/toggle,Страница/JS загружается; действие с боевыми данными требует проверки на сервере,/users/19/toggle
users,button,,Удалить ,Отправка/сохранение /users/19/delete,Страница/JS загружается; действие с боевыми данными требует проверки на сервере,/users/19/delete
users,a,,Открыть чат ,Переход /users/id/20,Страница/JS загружается; действие с боевыми данными требует проверки на сервере,/users/id/20
users,button,,Срок ,Отправка/сохранение /users/20/days,Страница/JS загружается; действие с боевыми данными требует проверки на сервере,/users/20/days
users,button,,Блокировать ,Отправка/сохранение /users/20/toggle,Страница/JS загружается; действие с боевыми данными требует проверки на сервере,/users/20/toggle
users,button,,Удалить ,Отправка/сохранение /users/20/delete,Страница/JS загружается; действие с боевыми данными требует проверки на сервере,/users/20/delete
users,a,,Открыть чат ,Переход /users/id/21,Страница/JS загружается; действие с боевыми данными требует проверки на сервере,/users/id/21
users,button,,Срок ,Отправка/сохранение /users/21/days,Страница/JS загружается; действие с боевыми данными требует проверки на сервере,/users/21/days
users,button,,Включить ,Отправка/сохранение /users/21/toggle,Страница/JS загружается; действие с боевыми данными требует проверки на сервере,/users/21/toggle
users,button,,Удалить ,Отправка/сохранение /users/21/delete,Страница/JS загружается; действие с боевыми данными требует проверки на сервере,/users/21/delete
users,a,,Открыть чат ,Переход /users/id/22,Страница/JS загружается; действие с боевыми данными требует проверки на сервере,/users/id/22
users,button,,Срок ,Отправка/сохранение /users/22/days,Страница/JS загружается; действие с боевыми данными требует проверки на сервере,/users/22/days
users,button,,Блокировать ,Отправка/сохранение /users/22/toggle,Страница/JS загружается; действие с боевыми данными требует проверки на сервере,/users/22/toggle
users,button,,Удалить ,Отправка/сохранение /users/22/delete,Страница/JS загружается; действие с боевыми данными требует проверки на сервере,/users/22/delete
users,a,,Открыть чат ,Переход /users/id/23,Страница/JS загружается; действие с боевыми данными требует проверки на сервере,/users/id/23
users,button,,Срок ,Отправка/сохранение /users/23/days,Страница/JS загружается; действие с боевыми данными требует проверки на сервере,/users/23/days
users,button,,Блокировать ,Отправка/сохранение /users/23/toggle,Страница/JS загружается; действие с боевыми данными требует проверки на сервере,/users/23/toggle
users,button,,Удалить ,Отправка/сохранение /users/23/delete,Страница/JS загружается; действие с боевыми данными требует проверки на сервере,/users/23/delete
users,a,,Открыть чат ,Переход /users/id/24,Страница/JS загружается; действие с боевыми данными требует проверки на сервере,/users/id/24
users,button,,Срок ,Отправка/сохранение /users/24/days,Страница/JS загружается; действие с боевыми данными требует проверки на сервере,/users/24/days
users,button,,Включить ,Отправка/сохранение /users/24/toggle,Страница/JS загружается; действие с боевыми данными требует проверки на сервере,/users/24/toggle
users,button,,Удалить ,Отправка/сохранение /users/24/delete,Страница/JS загружается; действие с боевыми данными требует проверки на сервере,/users/24/delete
users,a,,Открыть чат ,Переход /users/id/25,Страница/JS загружается; действие с боевыми данными требует проверки на сервере,/users/id/25
users,button,,Срок ,Отправка/сохранение /users/25/days,Страница/JS загружается; действие с боевыми данными требует проверки на сервере,/users/25/days
users,button,,Блокировать ,Отправка/сохранение /users/25/toggle,Страница/JS загружается; действие с боевыми данными требует проверки на сервере,/users/25/toggle
users,button,,Удалить ,Отправка/сохранение /users/25/delete,Страница/JS загружается; действие с боевыми данными требует проверки на сервере,/users/25/delete
users,a,,Открыть чат ,Переход /users/id/26,Страница/JS загружается; действие с боевыми данными требует проверки на сервере,/users/id/26
users,button,,Срок ,Отправка/сохранение /users/26/days,Страница/JS загружается; действие с боевыми данными требует проверки на сервере,/users/26/days
users,button,,Блокировать ,Отправка/сохранение /users/26/toggle,Страница/JS загружается; действие с боевыми данными требует проверки на сервере,/users/26/toggle
users,button,,Удалить ,Отправка/сохранение /users/26/delete,Страница/JS загружается; действие с боевыми данными требует проверки на сервере,/users/26/delete
users,a,,Открыть чат ,Переход /users/id/27,Страница/JS загружается; действие с боевыми данными требует проверки на сервере,/users/id/27
users,button,,Срок ,Отправка/сохранение /users/27/days,Страница/JS загружается; действие с боевыми данными требует проверки на сервере,/users/27/days
users,button,,Включить ,Отправка/сохранение /users/27/toggle,Страница/JS загружается; действие с боевыми данными требует проверки на сервере,/users/27/toggle
users,button,,Удалить ,Отправка/сохранение /users/27/delete,Страница/JS загружается; действие с боевыми данными требует проверки на сервере,/users/27/delete
users,a,,Открыть чат ,Переход /users/id/28,Страница/JS загружается; действие с боевыми данными требует проверки на сервере,/users/id/28
users,button,,Срок ,Отправка/сохранение /users/28/days,Страница/JS загружается; действие с боевыми данными требует проверки на сервере,/users/28/days
users,button,,Блокировать ,Отправка/сохранение /users/28/toggle,Страница/JS загружается; действие с боевыми данными требует проверки на сервере,/users/28/toggle
users,button,,Удалить ,Отправка/сохранение /users/28/delete,Страница/JS загружается; действие с боевыми данными требует проверки на сервере,/users/28/delete
users,a,,Открыть чат ,Переход /users/id/29,Страница/JS загружается; действие с боевыми данными требует проверки на сервере,/users/id/29
users,button,,Срок ,Отправка/сохранение /users/29/days,Страница/JS загружается; действие с боевыми данными требует проверки на сервере,/users/29/days
users,button,,Блокировать ,Отправка/сохранение /users/29/toggle,Страница/JS загружается; действие с боевыми данными требует проверки на сервере,/users/29/toggle
users,button,,Удалить ,Отправка/сохранение /users/29/delete,Страница/JS загружается; действие с боевыми данными требует проверки на сервере,/users/29/delete
users,a,,Открыть чат ,Переход /users/id/30,Страница/JS загружается; действие с боевыми данными требует проверки на сервере,/users/id/30
users,button,,Срок ,Отправка/сохранение /users/30/days,Страница/JS загружается; действие с боевыми данными требует проверки на сервере,/users/30/days
users,button,,Включить ,Отправка/сохранение /users/30/toggle,Страница/JS загружается; действие с боевыми данными требует проверки на сервере,/users/30/toggle
users,button,,Удалить ,Отправка/сохранение /users/30/delete,Страница/JS загружается; действие с боевыми данными требует проверки на сервере,/users/30/delete
users,a,,Открыть чат ,Переход /users/id/31,Страница/JS загружается; действие с боевыми данными требует проверки на сервере,/users/id/31
users,button,,Срок ,Отправка/сохранение /users/31/days,Страница/JS загружается; действие с боевыми данными требует проверки на сервере,/users/31/days
users,button,,Блокировать ,Отправка/сохранение /users/31/toggle,Страница/JS загружается; действие с боевыми данными требует проверки на сервере,/users/31/toggle
users,button,,Удалить ,Отправка/сохранение /users/31/delete,Страница/JS загружается; действие с боевыми данными требует проверки на сервере,/users/31/delete
users,a,,Открыть чат ,Переход /users/id/32,Страница/JS загружается; действие с боевыми данными требует проверки на сервере,/users/id/32
users,button,,Срок ,Отправка/сохранение /users/32/days,Страница/JS загружается; действие с боевыми данными требует проверки на сервере,/users/32/days
users,button,,Блокировать ,Отправка/сохранение /users/32/toggle,Страница/JS загружается; действие с боевыми данными требует проверки на сервере,/users/32/toggle
users,button,,Удалить ,Отправка/сохранение /users/32/delete,Страница/JS загружается; действие с боевыми данными требует проверки на сервере,/users/32/delete
users,a,,Открыть чат ,Переход /users/id/33,Страница/JS загружается; действие с боевыми данными требует проверки на сервере,/users/id/33
users,button,,Срок ,Отправка/сохранение /users/33/days,Страница/JS загружается; действие с боевыми данными требует проверки на сервере,/users/33/days
users,button,,Включить ,Отправка/сохранение /users/33/toggle,Страница/JS загружается; действие с боевыми данными требует проверки на сервере,/users/33/toggle
users,button,,Удалить ,Отправка/сохранение /users/33/delete,Страница/JS загружается; действие с боевыми данными требует проверки на сервере,/users/33/delete
users,a,,Открыть чат ,Переход /users/id/34,Страница/JS загружается; действие с боевыми данными требует проверки на сервере,/users/id/34
users,button,,Срок ,Отправка/сохранение /users/34/days,Страница/JS загружается; действие с боевыми данными требует проверки на сервере,/users/34/days
users,button,,Блокировать ,Отправка/сохранение /users/34/toggle,Страница/JS загружается; действие с боевыми данными требует проверки на сервере,/users/34/toggle
users,button,,Удалить ,Отправка/сохранение /users/34/delete,Страница/JS загружается; действие с боевыми данными требует проверки на сервере,/users/34/delete
users,a,,Открыть чат ,Переход /users/id/35,Страница/JS загружается; действие с боевыми данными требует проверки на сервере,/users/id/35
users,button,,Срок ,Отправка/сохранение /users/35/days,Страница/JS загружается; действие с боевыми данными требует проверки на сервере,/users/35/days
users,button,,Блокировать ,Отправка/сохранение /users/35/toggle,Страница/JS загружается; действие с боевыми данными требует проверки на сервере,/users/35/toggle
users,button,,Удалить ,Отправка/сохранение /users/35/delete,Страница/JS загружается; действие с боевыми данными требует проверки на сервере,/users/35/delete
users,a,,Открыть чат ,Переход /users/id/36,Страница/JS загружается; действие с боевыми данными требует проверки на сервере,/users/id/36
users,button,,Срок ,Отправка/сохранение /users/36/days,Страница/JS загружается; действие с боевыми данными требует проверки на сервере,/users/36/days
users,button,,Включить ,Отправка/сохранение /users/36/toggle,Страница/JS загружается; действие с боевыми данными требует проверки на сервере,/users/36/toggle
users,button,,Удалить ,Отправка/сохранение /users/36/delete,Страница/JS загружается; действие с боевыми данными требует проверки на сервере,/users/36/delete
users,a,,Открыть чат ,Переход /users/id/37,Страница/JS загружается; действие с боевыми данными требует проверки на сервере,/users/id/37
users,button,,Срок ,Отправка/сохранение /users/37/days,Страница/JS загружается; действие с боевыми данными требует проверки на сервере,/users/37/days
users,button,,Блокировать ,Отправка/сохранение /users/37/toggle,Страница/JS загружается; действие с боевыми данными требует проверки на сервере,/users/37/toggle
users,button,,Удалить ,Отправка/сохранение /users/37/delete,Страница/JS загружается; действие с боевыми данными требует проверки на сервере,/users/37/delete
users,a,,Открыть чат ,Переход /users/id/38,Страница/JS загружается; действие с боевыми данными требует проверки на сервере,/users/id/38
users,button,,Срок ,Отправка/сохранение /users/38/days,Страница/JS загружается; действие с боевыми данными требует проверки на сервере,/users/38/days
users,button,,Блокировать ,Отправка/сохранение /users/38/toggle,Страница/JS загружается; действие с боевыми данными требует проверки на сервере,/users/38/toggle
users,button,,Удалить ,Отправка/сохранение /users/38/delete,Страница/JS загружается; действие с боевыми данными требует проверки на сервере,/users/38/delete
users,a,,Открыть чат ,Переход /users/id/39,Страница/JS загружается; действие с боевыми данными требует проверки на сервере,/users/id/39
users,button,,Срок ,Отправка/сохранение /users/39/days,Страница/JS загружается; действие с боевыми данными требует проверки на сервере,/users/39/days
users,button,,Включить ,Отправка/сохранение /users/39/toggle,Страница/JS загружается; действие с боевыми данными требует проверки на сервере,/users/39/toggle
users,button,,Удалить ,Отправка/сохранение /users/39/delete,Страница/JS загружается; действие с боевыми данными требует проверки на сервере,/users/39/delete
users,a,,Открыть чат ,Переход /users/id/40,Страница/JS загружается; действие с боевыми данными требует проверки на сервере,/users/id/40
users,button,,Срок ,Отправка/сохранение /users/40/days,Страница/JS загружается; действие с боевыми данными требует проверки на сервере,/users/40/days
users,button,,Блокировать ,Отправка/сохранение /users/40/toggle,Страница/JS загружается; действие с боевыми данными требует проверки на сервере,/users/40/toggle
users,button,,Удалить ,Отправка/сохранение /users/40/delete,Страница/JS загружается; действие с боевыми данными требует проверки на сервере,/users/40/delete
users,a,,Открыть чат ,Переход /users/id/41,Страница/JS загружается; действие с боевыми данными требует проверки на сервере,/users/id/41
users,button,,Срок ,Отправка/сохранение /users/41/days,Страница/JS загружается; действие с боевыми данными требует проверки на сервере,/users/41/days
users,button,,Блокировать ,Отправка/сохранение /users/41/toggle,Страница/JS загружается; действие с боевыми данными требует проверки на сервере,/users/41/toggle
users,button,,Удалить ,Отправка/сохранение /users/41/delete,Страница/JS загружается; действие с боевыми данными требует проверки на сервере,/users/41/delete
users,a,,Открыть чат ,Переход /users/id/42,Страница/JS загружается; действие с боевыми данными требует проверки на сервере,/users/id/42
users,button,,Срок ,Отправка/сохранение /users/42/days,Страница/JS загружается; действие с боевыми данными требует проверки на сервере,/users/42/days
users,button,,Включить ,Отправка/сохранение /users/42/toggle,Страница/JS загружается; действие с боевыми данными требует проверки на сервере,/users/42/toggle
users,button,,Удалить ,Отправка/сохранение /users/42/delete,Страница/JS загружается; действие с боевыми данными требует проверки на сервере,/users/42/delete
users,a,,Открыть чат ,Переход /users/id/43,Страница/JS загружается; действие с боевыми данными требует проверки на сервере,/users/id/43
users,button,,Срок ,Отправка/сохранение /users/43/days,Страница/JS загружается; действие с боевыми данными требует проверки на сервере,/users/43/days
users,button,,Блокировать ,Отправка/сохранение /users/43/toggle,Страница/JS загружается; действие с боевыми данными требует проверки на сервере,/users/43/toggle
users,button,,Удалить ,Отправка/сохранение /users/43/delete,Страница/JS загружается; действие с боевыми данными требует проверки на сервере,/users/43/delete
users,a,,Открыть чат ,Переход /users/id/44,Страница/JS загружается; действие с боевыми данными требует проверки на сервере,/users/id/44
users,button,,Срок ,Отправка/сохранение /users/44/days,Страница/JS загружается; действие с боевыми данными требует проверки на сервере,/users/44/days
users,button,,Блокировать ,Отправка/сохранение /users/44/toggle,Страница/JS загружается; действие с боевыми данными требует проверки на сервере,/users/44/toggle
users,button,,Удалить ,Отправка/сохранение /users/44/delete,Страница/JS загружается; действие с боевыми данными требует проверки на сервере,/users/44/delete
users,a,,Открыть чат ,Переход /users/id/45,Страница/JS загружается; действие с боевыми данными требует проверки на сервере,/users/id/45
users,button,,Срок ,Отправка/сохранение /users/45/days,Страница/JS загружается; действие с боевыми данными требует проверки на сервере,/users/45/days
users,button,,Включить ,Отправка/сохранение /users/45/toggle,Страница/JS загружается; действие с боевыми данными требует проверки на сервере,/users/45/toggle
users,button,,Удалить ,Отправка/сохранение /users/45/delete,Страница/JS загружается; действие с боевыми данными требует проверки на сервере,/users/45/delete
users,a,,Открыть чат ,Переход /users/id/46,Страница/JS загружается; действие с боевыми данными требует проверки на сервере,/users/id/46
users,button,,Срок ,Отправка/сохранение /users/46/days,Страница/JS загружается; действие с боевыми данными требует проверки на сервере,/users/46/days
users,button,,Блокировать ,Отправка/сохранение /users/46/toggle,Страница/JS загружается; действие с боевыми данными требует проверки на сервере,/users/46/toggle
users,button,,Удалить ,Отправка/сохранение /users/46/delete,Страница/JS загружается; действие с боевыми данными требует проверки на сервере,/users/46/delete
users,a,,Открыть чат ,Переход /users/id/47,Страница/JS загружается; действие с боевыми данными требует проверки на сервере,/users/id/47
users,button,,Срок ,Отправка/сохранение /users/47/days,Страница/JS загружается; действие с боевыми данными требует проверки на сервере,/users/47/days
users,button,,Блокировать ,Отправка/сохранение /users/47/toggle,Страница/JS загружается; действие с боевыми данными требует проверки на сервере,/users/47/toggle
users,button,,Удалить ,Отправка/сохранение /users/47/delete,Страница/JS загружается; действие с боевыми данными требует проверки на сервере,/users/47/delete
users,a,,Открыть чат ,Переход /users/id/48,Страница/JS загружается; действие с боевыми данными требует проверки на сервере,/users/id/48
users,button,,Срок ,Отправка/сохранение /users/48/days,Страница/JS загружается; действие с боевыми данными требует проверки на сервере,/users/48/days
users,button,,Включить ,Отправка/сохранение /users/48/toggle,Страница/JS загружается; действие с боевыми данными требует проверки на сервере,/users/48/toggle
users,button,,Удалить ,Отправка/сохранение /users/48/delete,Страница/JS загружается; действие с боевыми данными требует проверки на сервере,/users/48/delete
users,a,,Открыть чат ,Переход /users/id/49,Страница/JS загружается; действие с боевыми данными требует проверки на сервере,/users/id/49
users,button,,Срок ,Отправка/сохранение /users/49/days,Страница/JS загружается; действие с боевыми данными требует проверки на сервере,/users/49/days
users,button,,Блокировать ,Отправка/сохранение /users/49/toggle,Страница/JS загружается; действие с боевыми данными требует проверки на сервере,/users/49/toggle
users,button,,Удалить ,Отправка/сохранение /users/49/delete,Страница/JS загружается; действие с боевыми данными требует проверки на сервере,/users/49/delete
users,a,,Открыть чат ,Переход /users/id/50,Страница/JS загружается; действие с боевыми данными требует проверки на сервере,/users/id/50
users,button,,Срок ,Отправка/сохранение /users/50/days,Страница/JS загружается; действие с боевыми данными требует проверки на сервере,/users/50/days
users,button,,Блокировать ,Отправка/сохранение /users/50/toggle,Страница/JS загружается; действие с боевыми данными требует проверки на сервере,/users/50/toggle
users,button,,Удалить ,Отправка/сохранение /users/50/delete,Страница/JS загружается; действие с боевыми данными требует проверки на сервере,/users/50/delete
users,a,,Открыть чат ,Переход /users/id/51,Страница/JS загружается; действие с боевыми данными требует проверки на сервере,/users/id/51
users,button,,Срок ,Отправка/сохранение /users/51/days,Страница/JS загружается; действие с боевыми данными требует проверки на сервере,/users/51/days
users,button,,Включить ,Отправка/сохранение /users/51/toggle,Страница/JS загружается; действие с боевыми данными требует проверки на сервере,/users/51/toggle
users,button,,Удалить ,Отправка/сохранение /users/51/delete,Страница/JS загружается; действие с боевыми данными требует проверки на сервере,/users/51/delete
users,a,,Открыть чат ,Переход /users/id/52,Страница/JS загружается; действие с боевыми данными требует проверки на сервере,/users/id/52
users,button,,Срок ,Отправка/сохранение /users/52/days,Страница/JS загружается; действие с боевыми данными требует проверки на сервере,/users/52/days
users,button,,Блокировать ,Отправка/сохранение /users/52/toggle,Страница/JS загружается; действие с боевыми данными требует проверки на сервере,/users/52/toggle
users,button,,Удалить ,Отправка/сохранение /users/52/delete,Страница/JS загружается; действие с боевыми данными требует проверки на сервере,/users/52/delete
users,a,,Открыть чат ,Переход /users/id/53,Страница/JS загружается; действие с боевыми данными требует проверки на сервере,/users/id/53
users,button,,Срок ,Отправка/сохранение /users/53/days,Страница/JS загружается; действие с боевыми данными требует проверки на сервере,/users/53/days
users,button,,Блокировать ,Отправка/сохранение /users/53/toggle,Страница/JS загружается; действие с боевыми данными требует проверки на сервере,/users/53/toggle
users,button,,Удалить ,Отправка/сохранение /users/53/delete,Страница/JS загружается; действие с боевыми данными требует проверки на сервере,/users/53/delete
users,a,,Открыть чат ,Переход /users/id/54,Страница/JS загружается; действие с боевыми данными требует проверки на сервере,/users/id/54
users,button,,Срок ,Отправка/сохранение /users/54/days,Страница/JS загружается; действие с боевыми данными требует проверки на сервере,/users/54/days
users,button,,Включить ,Отправка/сохранение /users/54/toggle,Страница/JS загружается; действие с боевыми данными требует проверки на сервере,/users/54/toggle
users,button,,Удалить ,Отправка/сохранение /users/54/delete,Страница/JS загружается; действие с боевыми данными требует проверки на сервере,/users/54/delete
users,a,,Открыть чат ,Переход /users/id/55,Страница/JS загружается; действие с боевыми данными требует проверки на сервере,/users/id/55
users,button,,Срок ,Отправка/сохранение /users/55/days,Страница/JS загружается; действие с боевыми данными требует проверки на сервере,/users/55/days
users,button,,Блокировать ,Отправка/сохранение /users/55/toggle,Страница/JS загружается; действие с боевыми данными требует проверки на сервере,/users/55/toggle
users,button,,Удалить ,Отправка/сохранение /users/55/delete,Страница/JS загружается; действие с боевыми данными требует проверки на сервере,/users/55/delete
users,a,,Открыть чат ,Переход /users/id/56,Страница/JS загружается; действие с боевыми данными требует проверки на сервере,/users/id/56
users,button,,Срок ,Отправка/сохранение /users/56/days,Страница/JS загружается; действие с боевыми данными требует проверки на сервере,/users/56/days
users,button,,Блокировать ,Отправка/сохранение /users/56/toggle,Страница/JS загружается; действие с боевыми данными требует проверки на сервере,/users/56/toggle
users,button,,Удалить ,Отправка/сохранение /users/56/delete,Страница/JS загружается; действие с боевыми данными требует проверки на сервере,/users/56/delete
users,a,,Открыть чат ,Переход /users/id/57,Страница/JS загружается; действие с боевыми данными требует проверки на сервере,/users/id/57
users,button,,Срок ,Отправка/сохранение /users/57/days,Страница/JS загружается; действие с боевыми данными требует проверки на сервере,/users/57/days
users,button,,Включить ,Отправка/сохранение /users/57/toggle,Страница/JS загружается; действие с боевыми данными требует проверки на сервере,/users/57/toggle
users,button,,Удалить ,Отправка/сохранение /users/57/delete,Страница/JS загружается; действие с боевыми данными требует проверки на сервере,/users/57/delete
users,a,,Открыть чат ,Переход /users/id/58,Страница/JS загружается; действие с боевыми данными требует проверки на сервере,/users/id/58
users,button,,Срок ,Отправка/сохранение /users/58/days,Страница/JS загружается; действие с боевыми данными требует проверки на сервере,/users/58/days
users,button,,Блокировать ,Отправка/сохранение /users/58/toggle,Страница/JS загружается; действие с боевыми данными требует проверки на сервере,/users/58/toggle
users,button,,Удалить ,Отправка/сохранение /users/58/delete,Страница/JS загружается; действие с боевыми данными требует проверки на сервере,/users/58/delete
users,a,,Открыть чат ,Переход /users/id/59,Страница/JS загружается; действие с боевыми данными требует проверки на сервере,/users/id/59
users,button,,Срок ,Отправка/сохранение /users/59/days,Страница/JS загружается; действие с боевыми данными требует проверки на сервере,/users/59/days
users,button,,Блокировать ,Отправка/сохранение /users/59/toggle,Страница/JS загружается; действие с боевыми данными требует проверки на сервере,/users/59/toggle
users,button,,Удалить ,Отправка/сохранение /users/59/delete,Страница/JS загружается; действие с боевыми данными требует проверки на сервере,/users/59/delete
users,a,,Открыть чат ,Переход /users/id/60,Страница/JS загружается; действие с боевыми данными требует проверки на сервере,/users/id/60
users,button,,Срок ,Отправка/сохранение /users/60/days,Страница/JS загружается; действие с боевыми данными требует проверки на сервере,/users/60/days
users,button,,Включить ,Отправка/сохранение /users/60/toggle,Страница/JS загружается; действие с боевыми данными требует проверки на сервере,/users/60/toggle
users,button,,Удалить ,Отправка/сохранение /users/60/delete,Страница/JS загружается; действие с боевыми данными требует проверки на сервере,/users/60/delete
users,a,,Открыть чат ,Переход /users/id/61,Страница/JS загружается; действие с боевыми данными требует проверки на сервере,/users/id/61
users,button,,Срок ,Отправка/сохранение /users/61/days,Страница/JS загружается; действие с боевыми данными требует проверки на сервере,/users/61/days
users,button,,Блокировать ,Отправка/сохранение /users/61/toggle,Страница/JS загружается; действие с боевыми данными требует проверки на сервере,/users/61/toggle
users,button,,Удалить ,Отправка/сохранение /users/61/delete,Страница/JS загружается; действие с боевыми данными требует проверки на сервере,/users/61/delete
users,a,,Открыть чат ,Переход /users/id/62,Страница/JS загружается; действие с боевыми данными требует проверки на сервере,/users/id/62
users,button,,Срок ,Отправка/сохранение /users/62/days,Страница/JS загружается; действие с боевыми данными требует проверки на сервере,/users/62/days
users,button,,Блокировать ,Отправка/сохранение /users/62/toggle,Страница/JS загружается; действие с боевыми данными требует проверки на сервере,/users/62/toggle
users,button,,Удалить ,Отправка/сохранение /users/62/delete,Страница/JS загружается; действие с боевыми данными требует проверки на сервере,/users/62/delete
users,a,,Открыть чат ,Переход /users/id/63,Страница/JS загружается; действие с боевыми данными требует проверки на сервере,/users/id/63
users,button,,Срок ,Отправка/сохранение /users/63/days,Страница/JS загружается; действие с боевыми данными требует проверки на сервере,/users/63/days
users,button,,Включить ,Отправка/сохранение /users/63/toggle,Страница/JS загружается; действие с боевыми данными требует проверки на сервере,/users/63/toggle
users,button,,Удалить ,Отправка/сохранение /users/63/delete,Страница/JS загружается; действие с боевыми данными требует проверки на сервере,/users/63/delete
users,a,,Открыть чат ,Переход /users/id/64,Страница/JS загружается; действие с боевыми данными требует проверки на сервере,/users/id/64
users,button,,Срок ,Отправка/сохранение /users/64/days,Страница/JS загружается; действие с боевыми данными требует проверки на сервере,/users/64/days
users,button,,Блокировать ,Отправка/сохранение /users/64/toggle,Страница/JS загружается; действие с боевыми данными требует проверки на сервере,/users/64/toggle
users,button,,Удалить ,Отправка/сохранение /users/64/delete,Страница/JS загружается; действие с боевыми данными требует проверки на сервере,/users/64/delete
users,a,,Открыть чат ,Переход /users/id/65,Страница/JS загружается; действие с боевыми данными требует проверки на сервере,/users/id/65
users,button,,Срок ,Отправка/сохранение /users/65/days,Страница/JS загружается; действие с боевыми данными требует проверки на сервере,/users/65/days
users,button,,Блокировать ,Отправка/сохранение /users/65/toggle,Страница/JS загружается; действие с боевыми данными требует проверки на сервере,/users/65/toggle
users,button,,Удалить ,Отправка/сохранение /users/65/delete,Страница/JS загружается; действие с боевыми данными требует проверки на сервере,/users/65/delete
users,a,,Открыть чат ,Переход /users/id/66,Страница/JS загружается; действие с боевыми данными требует проверки на сервере,/users/id/66
users,button,,Срок ,Отправка/сохранение /users/66/days,Страница/JS загружается; действие с боевыми данными требует проверки на сервере,/users/66/days
users,button,,Включить ,Отправка/сохранение /users/66/toggle,Страница/JS загружается; действие с боевыми данными требует проверки на сервере,/users/66/toggle
users,button,,Удалить ,Отправка/сохранение /users/66/delete,Страница/JS загружается; действие с боевыми данными требует проверки на сервере,/users/66/delete
users,a,,Открыть чат ,Переход /users/id/67,Страница/JS загружается; действие с боевыми данными требует проверки на сервере,/users/id/67
users,button,,Срок ,Отправка/сохранение /users/67/days,Страница/JS загружается; действие с боевыми данными требует проверки на сервере,/users/67/days
users,button,,Блокировать ,Отправка/сохранение /users/67/toggle,Страница/JS загружается; действие с боевыми данными требует проверки на сервере,/users/67/toggle
users,button,,Удалить ,Отправка/сохранение /users/67/delete,Страница/JS загружается; действие с боевыми данными требует проверки на сервере,/users/67/delete
users,a,,Открыть чат ,Переход /users/id/68,Страница/JS загружается; действие с боевыми данными требует проверки на сервере,/users/id/68
users,button,,Срок ,Отправка/сохранение /users/68/days,Страница/JS загружается; действие с боевыми данными требует проверки на сервере,/users/68/days
users,button,,Блокировать ,Отправка/сохранение /users/68/toggle,Страница/JS загружается; действие с боевыми данными требует проверки на сервере,/users/68/toggle
users,button,,Удалить ,Отправка/сохранение /users/68/delete,Страница/JS загружается; действие с боевыми данными требует проверки на сервере,/users/68/delete
users,a,,Открыть чат ,Переход /users/id/69,Страница/JS загружается; действие с боевыми данными требует проверки на сервере,/users/id/69
users,button,,Срок ,Отправка/сохранение /users/69/days,Страница/JS загружается; действие с боевыми данными требует проверки на сервере,/users/69/days
users,button,,Включить ,Отправка/сохранение /users/69/toggle,Страница/JS загружается; действие с боевыми данными требует проверки на сервере,/users/69/toggle
users,button,,Удалить ,Отправка/сохранение /users/69/delete,Страница/JS загружается; действие с боевыми данными требует проверки на сервере,/users/69/delete
users,a,,Открыть чат ,Переход /users/id/70,Страница/JS загружается; действие с боевыми данными требует проверки на сервере,/users/id/70
users,button,,Срок ,Отправка/сохранение /users/70/days,Страница/JS загружается; действие с боевыми данными требует проверки на сервере,/users/70/days
users,button,,Блокировать ,Отправка/сохранение /users/70/toggle,Страница/JS загружается; действие с боевыми данными требует проверки на сервере,/users/70/toggle
users,button,,Удалить ,Отправка/сохранение /users/70/delete,Страница/JS загружается; действие с боевыми данными требует проверки на сервере,/users/70/delete
users,a,,Открыть чат ,Переход /users/id/71,Страница/JS загружается; действие с боевыми данными требует проверки на сервере,/users/id/71
users,button,,Срок ,Отправка/сохранение /users/71/days,Страница/JS загружается; действие с боевыми данными требует проверки на сервере,/users/71/days
users,button,,Блокировать ,Отправка/сохранение /users/71/toggle,Страница/JS загружается; действие с боевыми данными требует проверки на сервере,/users/71/toggle
users,button,,Удалить ,Отправка/сохранение /users/71/delete,Страница/JS загружается; действие с боевыми данными требует проверки на сервере,/users/71/delete
users,a,,Открыть чат ,Переход /users/id/72,Страница/JS загружается; действие с боевыми данными требует проверки на сервере,/users/id/72
users,button,,Срок ,Отправка/сохранение /users/72/days,Страница/JS загружается; действие с боевыми данными требует проверки на сервере,/users/72/days
users,button,,Включить ,Отправка/сохранение /users/72/toggle,Страница/JS загружается; действие с боевыми данными требует проверки на сервере,/users/72/toggle
users,button,,Удалить ,Отправка/сохранение /users/72/delete,Страница/JS загружается; действие с боевыми данными требует проверки на сервере,/users/72/delete
users,a,,Открыть чат ,Переход /users/id/73,Страница/JS загружается; действие с боевыми данными требует проверки на сервере,/users/id/73
users,button,,Срок ,Отправка/сохранение /users/73/days,Страница/JS загружается; действие с боевыми данными требует проверки на сервере,/users/73/days
users,button,,Блокировать ,Отправка/сохранение /users/73/toggle,Страница/JS загружается; действие с боевыми данными требует проверки на сервере,/users/73/toggle
users,button,,Удалить ,Отправка/сохранение /users/73/delete,Страница/JS загружается; действие с боевыми данными требует проверки на сервере,/users/73/delete
users,a,,Открыть чат ,Переход /users/id/74,Страница/JS загружается; действие с боевыми данными требует проверки на сервере,/users/id/74
users,button,,Срок ,Отправка/сохранение /users/74/days,Страница/JS загружается; действие с боевыми данными требует проверки на сервере,/users/74/days
users,button,,Блокировать ,Отправка/сохранение /users/74/toggle,Страница/JS загружается; действие с боевыми данными требует проверки на сервере,/users/74/toggle
users,button,,Удалить ,Отправка/сохранение /users/74/delete,Страница/JS загружается; действие с боевыми данными требует проверки на сервере,/users/74/delete
users,a,,Открыть чат ,Переход /users/id/75,Страница/JS загружается; действие с боевыми данными требует проверки на сервере,/users/id/75
users,button,,Срок ,Отправка/сохранение /users/75/days,Страница/JS загружается; действие с боевыми данными требует проверки на сервере,/users/75/days
users,button,,Включить ,Отправка/сохранение /users/75/toggle,Страница/JS загружается; действие с боевыми данными требует проверки на сервере,/users/75/toggle
users,button,,Удалить ,Отправка/сохранение /users/75/delete,Страница/JS загружается; действие с боевыми данными требует проверки на сервере,/users/75/delete
users,a,,Открыть чат ,Переход /users/id/76,Страница/JS загружается; действие с боевыми данными требует проверки на сервере,/users/id/76
users,button,,Срок ,Отправка/сохранение /users/76/days,Страница/JS загружается; действие с боевыми данными требует проверки на сервере,/users/76/days
users,button,,Блокировать ,Отправка/сохранение /users/76/toggle,Страница/JS загружается; действие с боевыми данными требует проверки на сервере,/users/76/toggle
users,button,,Удалить ,Отправка/сохранение /users/76/delete,Страница/JS загружается; действие с боевыми данными требует проверки на сервере,/users/76/delete
users,a,,Открыть чат ,Переход /users/id/77,Страница/JS загружается; действие с боевыми данными требует проверки на сервере,/users/id/77
users,button,,Срок ,Отправка/сохранение /users/77/days,Страница/JS загружается; действие с боевыми данными требует проверки на сервере,/users/77/days
users,button,,Блокировать ,Отправка/сохранение /users/77/toggle,Страница/JS загружается; действие с боевыми данными требует проверки на сервере,/users/77/toggle
users,button,,Удалить ,Отправка/сохранение /users/77/delete,Страница/JS загружается; действие с боевыми данными требует проверки на сервере,/users/77/delete
users,a,,Открыть чат ,Переход /users/id/78,Страница/JS загружается; действие с боевыми данными требует проверки на сервере,/users/id/78
users,button,,Срок ,Отправка/сохранение /users/78/days,Страница/JS загружается; действие с боевыми данными требует проверки на сервере,/users/78/days
users,button,,Включить ,Отправка/сохранение /users/78/toggle,Страница/JS загружается; действие с боевыми данными требует проверки на сервере,/users/78/toggle
users,button,,Удалить ,Отправка/сохранение /users/78/delete,Страница/JS загружается; действие с боевыми данными требует проверки на сервере,/users/78/delete
users,a,,Открыть чат ,Переход /users/id/79,Страница/JS загружается; действие с боевыми данными требует проверки на сервере,/users/id/79
users,button,,Срок ,Отправка/сохранение /users/79/days,Страница/JS загружается; действие с боевыми данными требует проверки на сервере,/users/79/days
users,button,,Блокировать ,Отправка/сохранение /users/79/toggle,Страница/JS загружается; действие с боевыми данными требует проверки на сервере,/users/79/toggle
users,button,,Удалить ,Отправка/сохранение /users/79/delete,Страница/JS загружается; действие с боевыми данными требует проверки на сервере,/users/79/delete
users,a,,Открыть чат ,Переход /users/id/80,Страница/JS загружается; действие с боевыми данными требует проверки на сервере,/users/id/80
users,button,,Срок ,Отправка/сохранение /users/80/days,Страница/JS загружается; действие с боевыми данными требует проверки на сервере,/users/80/days
users,button,,Блокировать ,Отправка/сохранение /users/80/toggle,Страница/JS загружается; действие с боевыми данными требует проверки на сервере,/users/80/toggle
users,button,,Удалить ,Отправка/сохранение /users/80/delete,Страница/JS загружается; действие с боевыми данными требует проверки на сервере,/users/80/delete
users,a,,Открыть чат ,Переход /users/id/81,Страница/JS загружается; действие с боевыми данными требует проверки на сервере,/users/id/81
users,button,,Срок ,Отправка/сохранение /users/81/days,Страница/JS загружается; действие с боевыми данными требует проверки на сервере,/users/81/days
users,button,,Включить ,Отправка/сохранение /users/81/toggle,Страница/JS загружается; действие с боевыми данными требует проверки на сервере,/users/81/toggle
users,button,,Удалить ,Отправка/сохранение /users/81/delete,Страница/JS загружается; действие с боевыми данными требует проверки на сервере,/users/81/delete
users,a,,Открыть чат ,Переход /users/id/82,Страница/JS загружается; действие с боевыми данными требует проверки на сервере,/users/id/82
users,button,,Срок ,Отправка/сохранение /users/82/days,Страница/JS загружается; действие с боевыми данными требует проверки на сервере,/users/82/days
users,button,,Блокировать ,Отправка/сохранение /users/82/toggle,Страница/JS загружается; действие с боевыми данными требует проверки на сервере,/users/82/toggle
users,button,,Удалить ,Отправка/сохранение /users/82/delete,Страница/JS загружается; действие с боевыми данными требует проверки на сервере,/users/82/delete
users,a,,Открыть чат ,Переход /users/id/83,Страница/JS загружается; действие с боевыми данными требует проверки на сервере,/users/id/83
users,button,,Срок ,Отправка/сохранение /users/83/days,Страница/JS загружается; действие с боевыми данными требует проверки на сервере,/users/83/days
users,button,,Блокировать ,Отправка/сохранение /users/83/toggle,Страница/JS загружается; действие с боевыми данными требует проверки на сервере,/users/83/toggle
users,button,,Удалить ,Отправка/сохранение /users/83/delete,Страница/JS загружается; действие с боевыми данными требует проверки на сервере,/users/83/delete
users,a,,Открыть чат ,Переход /users/id/84,Страница/JS загружается; действие с боевыми данными требует проверки на сервере,/users/id/84
users,button,,Срок ,Отправка/сохранение /users/84/days,Страница/JS загружается; действие с боевыми данными требует проверки на сервере,/users/84/days
users,button,,Включить ,Отправка/сохранение /users/84/toggle,Страница/JS загружается; действие с боевыми данными требует проверки на сервере,/users/84/toggle
users,button,,Удалить ,Отправка/сохранение /users/84/delete,Страница/JS загружается; действие с боевыми данными требует проверки на сервере,/users/84/delete
users,a,,Открыть чат ,Переход /users/id/85,Страница/JS загружается; действие с боевыми данными требует проверки на сервере,/users/id/85
users,button,,Срок ,Отправка/сохранение /users/85/days,Страница/JS загружается; действие с боевыми данными требует проверки на сервере,/users/85/days
users,button,,Блокировать ,Отправка/сохранение /users/85/toggle,Страница/JS загружается; действие с боевыми данными требует проверки на сервере,/users/85/toggle
users,button,,Удалить ,Отправка/сохранение /users/85/delete,Страница/JS загружается; действие с боевыми данными требует проверки на сервере,/users/85/delete
users,a,,Открыть чат ,Переход /users/id/86,Страница/JS загружается; действие с боевыми данными требует проверки на сервере,/users/id/86
users,button,,Срок ,Отправка/сохранение /users/86/days,Страница/JS загружается; действие с боевыми данными требует проверки на сервере,/users/86/days
users,button,,Блокировать ,Отправка/сохранение /users/86/toggle,Страница/JS загружается; действие с боевыми данными требует проверки на сервере,/users/86/toggle
users,button,,Удалить ,Отправка/сохранение /users/86/delete,Страница/JS загружается; действие с боевыми данными требует проверки на сервере,/users/86/delete
users,a,,Открыть чат ,Переход /users/id/87,Страница/JS загружается; действие с боевыми данными требует проверки на сервере,/users/id/87
users,button,,Срок ,Отправка/сохранение /users/87/days,Страница/JS загружается; действие с боевыми данными требует проверки на сервере,/users/87/days
users,button,,Включить ,Отправка/сохранение /users/87/toggle,Страница/JS загружается; действие с боевыми данными требует проверки на сервере,/users/87/toggle
users,button,,Удалить ,Отправка/сохранение /users/87/delete,Страница/JS загружается; действие с боевыми данными требует проверки на сервере,/users/87/delete
users,a,,Открыть чат ,Переход /users/id/88,Страница/JS загружается; действие с боевыми данными требует проверки на сервере,/users/id/88
users,button,,Срок ,Отправка/сохранение /users/88/days,Страница/JS загружается; действие с боевыми данными требует проверки на сервере,/users/88/days
users,button,,Блокировать ,Отправка/сохранение /users/88/toggle,Страница/JS загружается; действие с боевыми данными требует проверки на сервере,/users/88/toggle
users,button,,Удалить ,Отправка/сохранение /users/88/delete,Страница/JS загружается; действие с боевыми данными требует проверки на сервере,/users/88/delete
users,a,,Открыть чат ,Переход /users/id/89,Страница/JS загружается; действие с боевыми данными требует проверки на сервере,/users/id/89
users,button,,Срок ,Отправка/сохранение /users/89/days,Страница/JS загружается; действие с боевыми данными требует проверки на сервере,/users/89/days
users,button,,Блокировать ,Отправка/сохранение /users/89/toggle,Страница/JS загружается; действие с боевыми данными требует проверки на сервере,/users/89/toggle
users,button,,Удалить ,Отправка/сохранение /users/89/delete,Страница/JS загружается; действие с боевыми данными требует проверки на сервере,/users/89/delete
users,a,,Открыть чат ,Переход /users/id/90,Страница/JS загружается; действие с боевыми данными требует проверки на сервере,/users/id/90
users,button,,Срок ,Отправка/сохранение /users/90/days,Страница/JS загружается; действие с боевыми данными требует проверки на сервере,/users/90/days
users,button,,Включить ,Отправка/сохранение /users/90/toggle,Страница/JS загружается; действие с боевыми данными требует проверки на сервере,/users/90/toggle
users,button,,Удалить ,Отправка/сохранение /users/90/delete,Страница/JS загружается; действие с боевыми данными требует проверки на сервере,/users/90/delete
users,a,,Открыть чат ,Переход /users/id/91,Страница/JS загружается; действие с боевыми данными требует проверки на сервере,/users/id/91
users,button,,Срок ,Отправка/сохранение /users/91/days,Страница/JS загружается; действие с боевыми данными требует проверки на сервере,/users/91/days
users,button,,Блокировать ,Отправка/сохранение /users/91/toggle,Страница/JS загружается; действие с боевыми данными требует проверки на сервере,/users/91/toggle
users,button,,Удалить ,Отправка/сохранение /users/91/delete,Страница/JS загружается; действие с боевыми данными требует проверки на сервере,/users/91/delete
users,a,,Открыть чат ,Переход /users/id/92,Страница/JS загружается; действие с боевыми данными требует проверки на сервере,/users/id/92
users,button,,Срок ,Отправка/сохранение /users/92/days,Страница/JS загружается; действие с боевыми данными требует проверки на сервере,/users/92/days
users,button,,Блокировать ,Отправка/сохранение /users/92/toggle,Страница/JS загружается; действие с боевыми данными требует проверки на сервере,/users/92/toggle
users,button,,Удалить ,Отправка/сохранение /users/92/delete,Страница/JS загружается; действие с боевыми данными требует проверки на сервере,/users/92/delete
users,a,,Открыть чат ,Переход /users/id/93,Страница/JS загружается; действие с боевыми данными требует проверки на сервере,/users/id/93
users,button,,Срок ,Отправка/сохранение /users/93/days,Страница/JS загружается; действие с боевыми данными требует проверки на сервере,/users/93/days
users,button,,Включить ,Отправка/сохранение /users/93/toggle,Страница/JS загружается; действие с боевыми данными требует проверки на сервере,/users/93/toggle
users,button,,Удалить ,Отправка/сохранение /users/93/delete,Страница/JS загружается; действие с боевыми данными требует проверки на сервере,/users/93/delete
users,a,,Открыть чат ,Переход /users/id/94,Страница/JS загружается; действие с боевыми данными требует проверки на сервере,/users/id/94
users,button,,Срок ,Отправка/сохранение /users/94/days,Страница/JS загружается; действие с боевыми данными требует проверки на сервере,/users/94/days
users,button,,Блокировать ,Отправка/сохранение /users/94/toggle,Страница/JS загружается; действие с боевыми данными требует проверки на сервере,/users/94/toggle
users,button,,Удалить ,Отправка/сохранение /users/94/delete,Страница/JS загружается; действие с боевыми данными требует проверки на сервере,/users/94/delete
users,a,,Открыть чат ,Переход /users/id/95,Страница/JS загружается; действие с боевыми данными требует проверки на сервере,/users/id/95
users,button,,Срок ,Отправка/сохранение /users/95/days,Страница/JS загружается; действие с боевыми данными требует проверки на сервере,/users/95/days
users,button,,Блокировать ,Отправка/сохранение /users/95/toggle,Страница/JS загружается; действие с боевыми данными требует проверки на сервере,/users/95/toggle
users,button,,Удалить ,Отправка/сохранение /users/95/delete,Страница/JS загружается; действие с боевыми данными требует проверки на сервере,/users/95/delete
users,a,,Открыть чат ,Переход /users/id/96,Страница/JS загружается; действие с боевыми данными требует проверки на сервере,/users/id/96
users,button,,Срок ,Отправка/сохранение /users/96/days,Страница/JS загружается; действие с боевыми данными требует проверки на сервере,/users/96/days
users,button,,Включить ,Отправка/сохранение /users/96/toggle,Страница/JS загружается; действие с боевыми данными требует проверки на сервере,/users/96/toggle
users,button,,Удалить ,Отправка/сохранение /users/96/delete,Страница/JS загружается; действие с боевыми данными требует проверки на сервере,/users/96/delete
users,a,,Открыть чат ,Переход /users/id/97,Страница/JS загружается; действие с боевыми данными требует проверки на сервере,/users/id/97
users,button,,Срок ,Отправка/сохранение /users/97/days,Страница/JS загружается; действие с боевыми данными требует проверки на сервере,/users/97/days
users,button,,Блокировать ,Отправка/сохранение /users/97/toggle,Страница/JS загружается; действие с боевыми данными требует проверки на сервере,/users/97/toggle
users,button,,Удалить ,Отправка/сохранение /users/97/delete,Страница/JS загружается; действие с боевыми данными требует проверки на сервере,/users/97/delete
users,a,,Открыть чат ,Переход /users/id/98,Страница/JS загружается; действие с боевыми данными требует проверки на сервере,/users/id/98
users,button,,Срок ,Отправка/сохранение /users/98/days,Страница/JS загружается; действие с боевыми данными требует проверки на сервере,/users/98/days
users,button,,Блокировать ,Отправка/сохранение /users/98/toggle,Страница/JS загружается; действие с боевыми данными требует проверки на сервере,/users/98/toggle
users,button,,Удалить ,Отправка/сохранение /users/98/delete,Страница/JS загружается; действие с боевыми данными требует проверки на сервере,/users/98/delete
users,a,,Открыть чат ,Переход /users/id/99,Страница/JS загружается; действие с боевыми данными требует проверки на сервере,/users/id/99
users,button,,Срок ,Отправка/сохранение /users/99/days,Страница/JS загружается; действие с боевыми данными требует проверки на сервере,/users/99/days
users,button,,Включить ,Отправка/сохранение /users/99/toggle,Страница/JS загружается; действие с боевыми данными требует проверки на сервере,/users/99/toggle
users,button,,Удалить ,Отправка/сохранение /users/99/delete,Страница/JS загружается; действие с боевыми данными требует проверки на сервере,/users/99/delete
users,a,,Открыть чат ,Переход /users/id/100,Страница/JS загружается; действие с боевыми данными требует проверки на сервере,/users/id/100
users,button,,Срок ,Отправка/сохранение /users/100/days,Страница/JS загружается; действие с боевыми данными требует проверки на сервере,/users/100/days
users,button,,Блокировать ,Отправка/сохранение /users/100/toggle,Страница/JS загружается; действие с боевыми данными требует проверки на сервере,/users/100/toggle
users,button,,Удалить ,Отправка/сохранение /users/100/delete,Страница/JS загружается; действие с боевыми данными требует проверки на сервере,/users/100/delete
users,a,,Открыть чат ,Переход /users/id/101,Страница/JS загружается; действие с боевыми данными требует проверки на сервере,/users/id/101
users,button,,Срок ,Отправка/сохранение /users/101/days,Страница/JS загружается; действие с боевыми данными требует проверки на сервере,/users/101/days
users,button,,Блокировать ,Отправка/сохранение /users/101/toggle,Страница/JS загружается; действие с боевыми данными требует проверки на сервере,/users/101/toggle
users,button,,Удалить ,Отправка/сохранение /users/101/delete,Страница/JS загружается; действие с боевыми данными требует проверки на сервере,/users/101/delete
users,a,,Открыть чат ,Переход /users/id/102,Страница/JS загружается; действие с боевыми данными требует проверки на сервере,/users/id/102
users,button,,Срок ,Отправка/сохранение /users/102/days,Страница/JS загружается; действие с боевыми данными требует проверки на сервере,/users/102/days
users,button,,Включить ,Отправка/сохранение /users/102/toggle,Страница/JS загружается; действие с боевыми данными требует проверки на сервере,/users/102/toggle
users,button,,Удалить ,Отправка/сохранение /users/102/delete,Страница/JS загружается; действие с боевыми данными требует проверки на сервере,/users/102/delete
users,a,,Открыть чат ,Переход /users/id/103,Страница/JS загружается; действие с боевыми данными требует проверки на сервере,/users/id/103
users,button,,Срок ,Отправка/сохранение /users/103/days,Страница/JS загружается; действие с боевыми данными требует проверки на сервере,/users/103/days
users,button,,Блокировать ,Отправка/сохранение /users/103/toggle,Страница/JS загружается; действие с боевыми данными требует проверки на сервере,/users/103/toggle
users,button,,Удалить ,Отправка/сохранение /users/103/delete,Страница/JS загружается; действие с боевыми данными требует проверки на сервере,/users/103/delete
users,a,,Открыть чат ,Переход /users/id/104,Страница/JS загружается; действие с боевыми данными требует проверки на сервере,/users/id/104
users,button,,Срок ,Отправка/сохранение /users/104/days,Страница/JS загружается; действие с боевыми данными требует проверки на сервере,/users/104/days
users,button,,Блокировать ,Отправка/сохранение /users/104/toggle,Страница/JS загружается; действие с боевыми данными требует проверки на сервере,/users/104/toggle
users,button,,Удалить ,Отправка/сохранение /users/104/delete,Страница/JS загружается; действие с боевыми данными требует проверки на сервере,/users/104/delete
users,a,,Открыть чат ,Переход /users/id/105,Страница/JS загружается; действие с боевыми данными требует проверки на сервере,/users/id/105
users,button,,Срок ,Отправка/сохранение /users/105/days,Страница/JS загружается; действие с боевыми данными требует проверки на сервере,/users/105/days
users,button,,Включить ,Отправка/сохранение /users/105/toggle,Страница/JS загружается; действие с боевыми данными требует проверки на сервере,/users/105/toggle
users,button,,Удалить ,Отправка/сохранение /users/105/delete,Страница/JS загружается; действие с боевыми данными требует проверки на сервере,/users/105/delete
users,a,,Открыть чат ,Переход /users/id/106,Страница/JS загружается; действие с боевыми данными требует проверки на сервере,/users/id/106
users,button,,Срок ,Отправка/сохранение /users/106/days,Страница/JS загружается; действие с боевыми данными требует проверки на сервере,/users/106/days
users,button,,Блокировать ,Отправка/сохранение /users/106/toggle,Страница/JS загружается; действие с боевыми данными требует проверки на сервере,/users/106/toggle
users,button,,Удалить ,Отправка/сохранение /users/106/delete,Страница/JS загружается; действие с боевыми данными требует проверки на сервере,/users/106/delete
users,a,,Открыть чат ,Переход /users/id/107,Страница/JS загружается; действие с боевыми данными требует проверки на сервере,/users/id/107
users,button,,Срок ,Отправка/сохранение /users/107/days,Страница/JS загружается; действие с боевыми данными требует проверки на сервере,/users/107/days
users,button,,Блокировать ,Отправка/сохранение /users/107/toggle,Страница/JS загружается; действие с боевыми данными требует проверки на сервере,/users/107/toggle
users,button,,Удалить ,Отправка/сохранение /users/107/delete,Страница/JS загружается; действие с боевыми данными требует проверки на сервере,/users/107/delete
users,a,,Открыть чат ,Переход /users/id/108,Страница/JS загружается; действие с боевыми данными требует проверки на сервере,/users/id/108
users,button,,Срок ,Отправка/сохранение /users/108/days,Страница/JS загружается; действие с боевыми данными требует проверки на сервере,/users/108/days
users,button,,Включить ,Отправка/сохранение /users/108/toggle,Страница/JS загружается; действие с боевыми данными требует проверки на сервере,/users/108/toggle
users,button,,Удалить ,Отправка/сохранение /users/108/delete,Страница/JS загружается; действие с боевыми данными требует проверки на сервере,/users/108/delete
users,a,,Открыть чат ,Переход /users/id/109,Страница/JS загружается; действие с боевыми данными требует проверки на сервере,/users/id/109
users,button,,Срок ,Отправка/сохранение /users/109/days,Страница/JS загружается; действие с боевыми данными требует проверки на сервере,/users/109/days
users,button,,Блокировать ,Отправка/сохранение /users/109/toggle,Страница/JS загружается; действие с боевыми данными требует проверки на сервере,/users/109/toggle
users,button,,Удалить ,Отправка/сохранение /users/109/delete,Страница/JS загружается; действие с боевыми данными требует проверки на сервере,/users/109/delete
users,a,,Открыть чат ,Переход /users/id/110,Страница/JS загружается; действие с боевыми данными требует проверки на сервере,/users/id/110
users,button,,Срок ,Отправка/сохранение /users/110/days,Страница/JS загружается; действие с боевыми данными требует проверки на сервере,/users/110/days
users,button,,Блокировать ,Отправка/сохранение /users/110/toggle,Страница/JS загружается; действие с боевыми данными требует проверки на сервере,/users/110/toggle
users,button,,Удалить ,Отправка/сохранение /users/110/delete,Страница/JS загружается; действие с боевыми данными требует проверки на сервере,/users/110/delete
